--
-- PostgreSQL database dump
--

\restrict FR8OZd0UP0oYuEqVSLHG0qcoul9TuhGlN4GAcITfF4f9BhvFcFe7r431InO5bQd

-- Dumped from database version 14.19 (Ubuntu 14.19-0ubuntu0.22.04.1)
-- Dumped by pg_dump version 14.19 (Ubuntu 14.19-0ubuntu0.22.04.1)

SET statement_timeout = 0;
SET lock_timeout = 0;
SET idle_in_transaction_session_timeout = 0;
SET client_encoding = 'UTF8';
SET standard_conforming_strings = on;
SELECT pg_catalog.set_config('search_path', '', false);
SET check_function_bodies = false;
SET xmloption = content;
SET client_min_messages = warning;
SET row_security = off;

--
-- Name: type_formation; Type: TYPE; Schema: public; Owner: admin
--

CREATE TYPE public.type_formation AS ENUM (
    'Professionnalisante',
    'Académique'
);


ALTER TYPE public.type_formation OWNER TO admin;

--
-- Name: type_media; Type: TYPE; Schema: public; Owner: admin
--

CREATE TYPE public.type_media AS ENUM (
    'Image',
    'vidéo'
);


ALTER TYPE public.type_media OWNER TO admin;

--
-- Name: type_mode_preinscription; Type: TYPE; Schema: public; Owner: admin
--

CREATE TYPE public.type_mode_preinscription AS ENUM (
    'enligne',
    'poste',
    'sms',
    'presentielle'
);


ALTER TYPE public.type_mode_preinscription OWNER TO admin;

--
-- Name: type_niveau; Type: TYPE; Schema: public; Owner: admin
--

CREATE TYPE public.type_niveau AS ENUM (
    'L1',
    'L2',
    'L3',
    'M1',
    'M2',
    'D1',
    'D2'
);


ALTER TYPE public.type_niveau OWNER TO admin;

--
-- Name: type_sexe; Type: TYPE; Schema: public; Owner: admin
--

CREATE TYPE public.type_sexe AS ENUM (
    'M',
    'F'
);


ALTER TYPE public.type_sexe OWNER TO admin;

--
-- Name: check_personne_before_insert(); Type: FUNCTION; Schema: public; Owner: admin
--

CREATE FUNCTION public.check_personne_before_insert() RETURNS trigger
    LANGUAGE plpgsql
    AS $$
BEGIN
    -- Vérifie si une personne existe déjà avec le même nom et prénom
    IF EXISTS (
        SELECT 1 FROM personne
        WHERE nom = NEW.nom AND prenom = NEW.prenom
    ) THEN
        -- Met à jour son id_labo avec la nouvelle valeur
        UPDATE personne
        SET id_labo = NEW.id_labo
        WHERE nom = NEW.nom AND prenom = NEW.prenom;
        -- Annule l’insertion (car on a déjà fait le travail)
        RETURN NULL;
    ELSE
        -- Sinon on continue l’insertion normalement
        RETURN NEW;
    END IF;
END;
$$;


ALTER FUNCTION public.check_personne_before_insert() OWNER TO admin;

--
-- Name: est_valide_true(); Type: FUNCTION; Schema: public; Owner: admin
--

CREATE FUNCTION public.est_valide_true() RETURNS trigger
    LANGUAGE plpgsql
    AS $$
BEGIN
	IF NEW.est_valide = true THEN
		UPDATE paiement
		SET id_preinscription = NEW.id_preinscription
		WHERE paiement.ref_bancaire = NEW.ref_bancaire
		  AND paiement.date_paiement = NEW.date_paiement;
	END IF;
	RETURN NEW;
END;
$$;


ALTER FUNCTION public.est_valide_true() OWNER TO admin;

SET default_tablespace = '';

SET default_table_access_method = heap;

--
-- Name: AspNetRoleClaims; Type: TABLE; Schema: public; Owner: admin
--

CREATE TABLE public."AspNetRoleClaims" (
    "Id" integer NOT NULL,
    "RoleId" text NOT NULL,
    "ClaimType" text,
    "ClaimValue" text
);


ALTER TABLE public."AspNetRoleClaims" OWNER TO admin;

--
-- Name: AspNetRoleClaims_Id_seq; Type: SEQUENCE; Schema: public; Owner: admin
--

ALTER TABLE public."AspNetRoleClaims" ALTER COLUMN "Id" ADD GENERATED BY DEFAULT AS IDENTITY (
    SEQUENCE NAME public."AspNetRoleClaims_Id_seq"
    START WITH 1
    INCREMENT BY 1
    NO MINVALUE
    NO MAXVALUE
    CACHE 1
);


--
-- Name: AspNetRoles; Type: TABLE; Schema: public; Owner: admin
--

CREATE TABLE public."AspNetRoles" (
    "Id" text NOT NULL,
    "Name" character varying(256),
    "NormalizedName" character varying(256),
    "ConcurrencyStamp" text
);


ALTER TABLE public."AspNetRoles" OWNER TO admin;

--
-- Name: AspNetUserClaims; Type: TABLE; Schema: public; Owner: admin
--

CREATE TABLE public."AspNetUserClaims" (
    "Id" integer NOT NULL,
    "UserId" text NOT NULL,
    "ClaimType" text,
    "ClaimValue" text
);


ALTER TABLE public."AspNetUserClaims" OWNER TO admin;

--
-- Name: AspNetUserClaims_Id_seq; Type: SEQUENCE; Schema: public; Owner: admin
--

ALTER TABLE public."AspNetUserClaims" ALTER COLUMN "Id" ADD GENERATED BY DEFAULT AS IDENTITY (
    SEQUENCE NAME public."AspNetUserClaims_Id_seq"
    START WITH 1
    INCREMENT BY 1
    NO MINVALUE
    NO MAXVALUE
    CACHE 1
);


--
-- Name: AspNetUserLogins; Type: TABLE; Schema: public; Owner: admin
--

CREATE TABLE public."AspNetUserLogins" (
    "LoginProvider" text NOT NULL,
    "ProviderKey" text NOT NULL,
    "ProviderDisplayName" text,
    "UserId" text NOT NULL
);


ALTER TABLE public."AspNetUserLogins" OWNER TO admin;

--
-- Name: AspNetUserRoles; Type: TABLE; Schema: public; Owner: admin
--

CREATE TABLE public."AspNetUserRoles" (
    "UserId" text NOT NULL,
    "RoleId" text NOT NULL
);


ALTER TABLE public."AspNetUserRoles" OWNER TO admin;

--
-- Name: AspNetUserTokens; Type: TABLE; Schema: public; Owner: admin
--

CREATE TABLE public."AspNetUserTokens" (
    "UserId" text NOT NULL,
    "LoginProvider" text NOT NULL,
    "Name" text NOT NULL,
    "Value" text
);


ALTER TABLE public."AspNetUserTokens" OWNER TO admin;

--
-- Name: AspNetUsers; Type: TABLE; Schema: public; Owner: admin
--

CREATE TABLE public."AspNetUsers" (
    "Id" text NOT NULL,
    "Age" integer NOT NULL,
    "UserName" character varying(256),
    "NormalizedUserName" character varying(256),
    "Email" character varying(256),
    "NormalizedEmail" character varying(256),
    "EmailConfirmed" boolean NOT NULL,
    "PasswordHash" text,
    "SecurityStamp" text,
    "ConcurrencyStamp" text,
    "PhoneNumber" text,
    "PhoneNumberConfirmed" boolean NOT NULL,
    "TwoFactorEnabled" boolean NOT NULL,
    "LockoutEnd" timestamp with time zone,
    "LockoutEnabled" boolean NOT NULL,
    "AccessFailedCount" integer NOT NULL
);


ALTER TABLE public."AspNetUsers" OWNER TO admin;

--
-- Name: __EFMigrationsHistory; Type: TABLE; Schema: public; Owner: admin
--

CREATE TABLE public."__EFMigrationsHistory" (
    "MigrationId" character varying(150) NOT NULL,
    "ProductVersion" character varying(32) NOT NULL
);


ALTER TABLE public."__EFMigrationsHistory" OWNER TO admin;

--
-- Name: actualite_id_seq; Type: SEQUENCE; Schema: public; Owner: admin
--

CREATE SEQUENCE public.actualite_id_seq
    AS integer
    START WITH 1
    INCREMENT BY 1
    NO MINVALUE
    NO MAXVALUE
    CACHE 1;


ALTER TABLE public.actualite_id_seq OWNER TO admin;

--
-- Name: actualite; Type: TABLE; Schema: public; Owner: admin
--

CREATE TABLE public.actualite (
    id_actualite integer DEFAULT nextval('public.actualite_id_seq'::regclass) NOT NULL,
    titre character varying(255) NOT NULL,
    id_categorie integer NOT NULL,
    description text,
    contenu text,
    date_creation timestamp without time zone DEFAULT CURRENT_TIMESTAMP,
    date_mise_a_jour timestamp without time zone DEFAULT CURRENT_TIMESTAMP,
    date_commencement timestamp without time zone,
    date_fin timestamp without time zone,
    lieu character varying(255),
    date_publication timestamp without time zone,
    date_archivage timestamp without time zone,
    is_urgent boolean DEFAULT false NOT NULL
);


ALTER TABLE public.actualite OWNER TO admin;

--
-- Name: actualite_media; Type: TABLE; Schema: public; Owner: admin
--

CREATE TABLE public.actualite_media (
    id integer NOT NULL,
    id_actualite integer NOT NULL,
    id_media integer NOT NULL
);


ALTER TABLE public.actualite_media OWNER TO admin;

--
-- Name: actualite_media_id_seq; Type: SEQUENCE; Schema: public; Owner: admin
--

CREATE SEQUENCE public.actualite_media_id_seq
    AS integer
    START WITH 1
    INCREMENT BY 1
    NO MINVALUE
    NO MAXVALUE
    CACHE 1;


ALTER TABLE public.actualite_media_id_seq OWNER TO admin;

--
-- Name: actualite_media_id_seq1; Type: SEQUENCE; Schema: public; Owner: admin
--

CREATE SEQUENCE public.actualite_media_id_seq1
    AS integer
    START WITH 1
    INCREMENT BY 1
    NO MINVALUE
    NO MAXVALUE
    CACHE 1;


ALTER TABLE public.actualite_media_id_seq1 OWNER TO admin;

--
-- Name: actualite_media_id_seq1; Type: SEQUENCE OWNED BY; Schema: public; Owner: admin
--

ALTER SEQUENCE public.actualite_media_id_seq1 OWNED BY public.actualite_media.id;


--
-- Name: appartenance; Type: TABLE; Schema: public; Owner: admin
--

CREATE TABLE public.appartenance (
    id_appartenance integer NOT NULL,
    nom_appartenance text NOT NULL
);


ALTER TABLE public.appartenance OWNER TO admin;

--
-- Name: appartenance_id_appartenance_seq; Type: SEQUENCE; Schema: public; Owner: admin
--

CREATE SEQUENCE public.appartenance_id_appartenance_seq
    AS integer
    START WITH 1
    INCREMENT BY 1
    NO MINVALUE
    NO MAXVALUE
    CACHE 1;


ALTER TABLE public.appartenance_id_appartenance_seq OWNER TO admin;

--
-- Name: appartenance_id_appartenance_seq1; Type: SEQUENCE; Schema: public; Owner: admin
--

CREATE SEQUENCE public.appartenance_id_appartenance_seq1
    AS integer
    START WITH 1
    INCREMENT BY 1
    NO MINVALUE
    NO MAXVALUE
    CACHE 1;


ALTER TABLE public.appartenance_id_appartenance_seq1 OWNER TO admin;

--
-- Name: appartenance_id_appartenance_seq1; Type: SEQUENCE OWNED BY; Schema: public; Owner: admin
--

ALTER SEQUENCE public.appartenance_id_appartenance_seq1 OWNED BY public.appartenance.id_appartenance;


--
-- Name: bac; Type: TABLE; Schema: public; Owner: admin
--

CREATE TABLE public.bac (
    id_bac integer NOT NULL,
    annee_bacc integer NOT NULL,
    num_bacc integer NOT NULL,
    doc_bac text,
    est_malagasy boolean DEFAULT true
);


ALTER TABLE public.bac OWNER TO admin;

--
-- Name: bac_id_bac_seq; Type: SEQUENCE; Schema: public; Owner: admin
--

CREATE SEQUENCE public.bac_id_bac_seq
    AS integer
    START WITH 1
    INCREMENT BY 1
    NO MINVALUE
    NO MAXVALUE
    CACHE 1;


ALTER TABLE public.bac_id_bac_seq OWNER TO admin;

--
-- Name: bac_id_bac_seq1; Type: SEQUENCE; Schema: public; Owner: admin
--

CREATE SEQUENCE public.bac_id_bac_seq1
    AS integer
    START WITH 1
    INCREMENT BY 1
    NO MINVALUE
    NO MAXVALUE
    CACHE 1;


ALTER TABLE public.bac_id_bac_seq1 OWNER TO admin;

--
-- Name: bac_id_bac_seq1; Type: SEQUENCE OWNED BY; Schema: public; Owner: admin
--

ALTER SEQUENCE public.bac_id_bac_seq1 OWNED BY public.bac.id_bac;


--
-- Name: categorie_actualite; Type: TABLE; Schema: public; Owner: admin
--

CREATE TABLE public.categorie_actualite (
    id integer NOT NULL,
    nom character varying(255) NOT NULL
);


ALTER TABLE public.categorie_actualite OWNER TO admin;

--
-- Name: categorie_actualite_id_seq; Type: SEQUENCE; Schema: public; Owner: admin
--

CREATE SEQUENCE public.categorie_actualite_id_seq
    AS integer
    START WITH 1
    INCREMENT BY 1
    NO MINVALUE
    NO MAXVALUE
    CACHE 1;


ALTER TABLE public.categorie_actualite_id_seq OWNER TO admin;

--
-- Name: categorie_actualite_id_seq1; Type: SEQUENCE; Schema: public; Owner: admin
--

CREATE SEQUENCE public.categorie_actualite_id_seq1
    AS integer
    START WITH 1
    INCREMENT BY 1
    NO MINVALUE
    NO MAXVALUE
    CACHE 1;


ALTER TABLE public.categorie_actualite_id_seq1 OWNER TO admin;

--
-- Name: categorie_actualite_id_seq1; Type: SEQUENCE OWNED BY; Schema: public; Owner: admin
--

ALTER SEQUENCE public.categorie_actualite_id_seq1 OWNED BY public.categorie_actualite.id;


--
-- Name: cofac; Type: TABLE; Schema: public; Owner: admin
--

CREATE TABLE public.cofac (
    id_cofac integer NOT NULL,
    personne_id integer NOT NULL,
    appartenance_id integer NOT NULL,
    date_creation date DEFAULT CURRENT_DATE
);


ALTER TABLE public.cofac OWNER TO admin;

--
-- Name: cofac_id_cofac_seq; Type: SEQUENCE; Schema: public; Owner: admin
--

CREATE SEQUENCE public.cofac_id_cofac_seq
    AS integer
    START WITH 1
    INCREMENT BY 1
    NO MINVALUE
    NO MAXVALUE
    CACHE 1;


ALTER TABLE public.cofac_id_cofac_seq OWNER TO admin;

--
-- Name: cofac_id_cofac_seq1; Type: SEQUENCE; Schema: public; Owner: admin
--

CREATE SEQUENCE public.cofac_id_cofac_seq1
    AS integer
    START WITH 1
    INCREMENT BY 1
    NO MINVALUE
    NO MAXVALUE
    CACHE 1;


ALTER TABLE public.cofac_id_cofac_seq1 OWNER TO admin;

--
-- Name: cofac_id_cofac_seq1; Type: SEQUENCE OWNED BY; Schema: public; Owner: admin
--

ALTER SEQUENCE public.cofac_id_cofac_seq1 OWNED BY public.cofac.id_cofac;


--
-- Name: doyen_et_vice_id_doyen_et_vice_seq; Type: SEQUENCE; Schema: public; Owner: admin
--

CREATE SEQUENCE public.doyen_et_vice_id_doyen_et_vice_seq
    AS integer
    START WITH 1
    INCREMENT BY 1
    NO MINVALUE
    NO MAXVALUE
    CACHE 1;


ALTER TABLE public.doyen_et_vice_id_doyen_et_vice_seq OWNER TO admin;

--
-- Name: dvcs; Type: TABLE; Schema: public; Owner: admin
--

CREATE TABLE public.dvcs (
    id_dvcs integer DEFAULT nextval('public.doyen_et_vice_id_doyen_et_vice_seq'::regclass) NOT NULL,
    id_personne integer NOT NULL,
    id_fonction integer NOT NULL,
    date_debut timestamp without time zone DEFAULT CURRENT_TIMESTAMP,
    date_fin timestamp without time zone
);


ALTER TABLE public.dvcs OWNER TO admin;

--
-- Name: ecole_doctorale; Type: TABLE; Schema: public; Owner: admin
--

CREATE TABLE public.ecole_doctorale (
    id_ecole_doctorale integer NOT NULL,
    nom_ecole_doctorale character varying(250)
);


ALTER TABLE public.ecole_doctorale OWNER TO admin;

--
-- Name: ecole_doctorale_id_ecole_doctorale_seq; Type: SEQUENCE; Schema: public; Owner: admin
--

CREATE SEQUENCE public.ecole_doctorale_id_ecole_doctorale_seq
    AS integer
    START WITH 1
    INCREMENT BY 1
    NO MINVALUE
    NO MAXVALUE
    CACHE 1;


ALTER TABLE public.ecole_doctorale_id_ecole_doctorale_seq OWNER TO admin;

--
-- Name: ecole_doctorale_id_ecole_doctorale_seq1; Type: SEQUENCE; Schema: public; Owner: admin
--

CREATE SEQUENCE public.ecole_doctorale_id_ecole_doctorale_seq1
    AS integer
    START WITH 1
    INCREMENT BY 1
    NO MINVALUE
    NO MAXVALUE
    CACHE 1;


ALTER TABLE public.ecole_doctorale_id_ecole_doctorale_seq1 OWNER TO admin;

--
-- Name: ecole_doctorale_id_ecole_doctorale_seq1; Type: SEQUENCE OWNED BY; Schema: public; Owner: admin
--

ALTER SEQUENCE public.ecole_doctorale_id_ecole_doctorale_seq1 OWNED BY public.ecole_doctorale.id_ecole_doctorale;


--
-- Name: faculte_id_seq; Type: SEQUENCE; Schema: public; Owner: admin
--

CREATE SEQUENCE public.faculte_id_seq
    AS integer
    START WITH 1
    INCREMENT BY 1
    NO MINVALUE
    NO MAXVALUE
    CACHE 1;


ALTER TABLE public.faculte_id_seq OWNER TO admin;

--
-- Name: fonction; Type: TABLE; Schema: public; Owner: admin
--

CREATE TABLE public.fonction (
    id_fonction integer NOT NULL,
    nom_fonction text NOT NULL
);


ALTER TABLE public.fonction OWNER TO admin;

--
-- Name: fonction_id_fonction_seq; Type: SEQUENCE; Schema: public; Owner: admin
--

CREATE SEQUENCE public.fonction_id_fonction_seq
    AS integer
    START WITH 1
    INCREMENT BY 1
    NO MINVALUE
    NO MAXVALUE
    CACHE 1;


ALTER TABLE public.fonction_id_fonction_seq OWNER TO admin;

--
-- Name: fonction_id_fonction_seq1; Type: SEQUENCE; Schema: public; Owner: admin
--

CREATE SEQUENCE public.fonction_id_fonction_seq1
    AS integer
    START WITH 1
    INCREMENT BY 1
    NO MINVALUE
    NO MAXVALUE
    CACHE 1;


ALTER TABLE public.fonction_id_fonction_seq1 OWNER TO admin;

--
-- Name: fonction_id_fonction_seq1; Type: SEQUENCE OWNED BY; Schema: public; Owner: admin
--

ALTER SEQUENCE public.fonction_id_fonction_seq1 OWNED BY public.fonction.id_fonction;


--
-- Name: grade; Type: TABLE; Schema: public; Owner: admin
--

CREATE TABLE public.grade (
    id_grade integer NOT NULL,
    nom_grade text NOT NULL
);


ALTER TABLE public.grade OWNER TO admin;

--
-- Name: grade_id_grade_seq; Type: SEQUENCE; Schema: public; Owner: admin
--

CREATE SEQUENCE public.grade_id_grade_seq
    AS integer
    START WITH 1
    INCREMENT BY 1
    NO MINVALUE
    NO MAXVALUE
    CACHE 1;


ALTER TABLE public.grade_id_grade_seq OWNER TO admin;

--
-- Name: grade_id_grade_seq1; Type: SEQUENCE; Schema: public; Owner: admin
--

CREATE SEQUENCE public.grade_id_grade_seq1
    AS integer
    START WITH 1
    INCREMENT BY 1
    NO MINVALUE
    NO MAXVALUE
    CACHE 1;


ALTER TABLE public.grade_id_grade_seq1 OWNER TO admin;

--
-- Name: grade_id_grade_seq1; Type: SEQUENCE OWNED BY; Schema: public; Owner: admin
--

ALTER SEQUENCE public.grade_id_grade_seq1 OWNED BY public.grade.id_grade;


--
-- Name: labo_media; Type: TABLE; Schema: public; Owner: admin
--

CREATE TABLE public.labo_media (
    media integer NOT NULL,
    labo integer NOT NULL,
    id_labo_media integer NOT NULL
);


ALTER TABLE public.labo_media OWNER TO admin;

--
-- Name: labo_media_id_labo_media_seq; Type: SEQUENCE; Schema: public; Owner: admin
--

CREATE SEQUENCE public.labo_media_id_labo_media_seq
    AS integer
    START WITH 1
    INCREMENT BY 1
    NO MINVALUE
    NO MAXVALUE
    CACHE 1;


ALTER TABLE public.labo_media_id_labo_media_seq OWNER TO admin;

--
-- Name: labo_media_id_labo_media_seq1; Type: SEQUENCE; Schema: public; Owner: admin
--

CREATE SEQUENCE public.labo_media_id_labo_media_seq1
    AS integer
    START WITH 1
    INCREMENT BY 1
    NO MINVALUE
    NO MAXVALUE
    CACHE 1;


ALTER TABLE public.labo_media_id_labo_media_seq1 OWNER TO admin;

--
-- Name: labo_media_id_labo_media_seq1; Type: SEQUENCE OWNED BY; Schema: public; Owner: admin
--

ALTER SEQUENCE public.labo_media_id_labo_media_seq1 OWNED BY public.labo_media.id_labo_media;


--
-- Name: laboratoire; Type: TABLE; Schema: public; Owner: admin
--

CREATE TABLE public.laboratoire (
    nom_labo text NOT NULL,
    mention_rattachement integer,
    description jsonb,
    id_labo integer NOT NULL,
    ecole_doctorale_rattachement integer,
    abbreviation character varying(20)
);


ALTER TABLE public.laboratoire OWNER TO admin;

--
-- Name: laboratoire_id_labo_seq; Type: SEQUENCE; Schema: public; Owner: admin
--

CREATE SEQUENCE public.laboratoire_id_labo_seq
    AS integer
    START WITH 1
    INCREMENT BY 1
    NO MINVALUE
    NO MAXVALUE
    CACHE 1;


ALTER TABLE public.laboratoire_id_labo_seq OWNER TO admin;

--
-- Name: laboratoire_id_labo_seq1; Type: SEQUENCE; Schema: public; Owner: admin
--

CREATE SEQUENCE public.laboratoire_id_labo_seq1
    AS integer
    START WITH 1
    INCREMENT BY 1
    NO MINVALUE
    NO MAXVALUE
    CACHE 1;


ALTER TABLE public.laboratoire_id_labo_seq1 OWNER TO admin;

--
-- Name: laboratoire_id_labo_seq1; Type: SEQUENCE OWNED BY; Schema: public; Owner: admin
--

ALTER SEQUENCE public.laboratoire_id_labo_seq1 OWNED BY public.laboratoire.id_labo;


--
-- Name: media; Type: TABLE; Schema: public; Owner: admin
--

CREATE TABLE public.media (
    chemin text NOT NULL,
    mimetype public.type_media NOT NULL,
    media integer,
    id_media integer NOT NULL
);


ALTER TABLE public.media OWNER TO admin;

--
-- Name: media_id_media_seq; Type: SEQUENCE; Schema: public; Owner: admin
--

CREATE SEQUENCE public.media_id_media_seq
    AS integer
    START WITH 1
    INCREMENT BY 1
    NO MINVALUE
    NO MAXVALUE
    CACHE 1;


ALTER TABLE public.media_id_media_seq OWNER TO admin;

--
-- Name: media_id_media_seq1; Type: SEQUENCE; Schema: public; Owner: admin
--

CREATE SEQUENCE public.media_id_media_seq1
    AS integer
    START WITH 1
    INCREMENT BY 1
    NO MINVALUE
    NO MAXVALUE
    CACHE 1;


ALTER TABLE public.media_id_media_seq1 OWNER TO admin;

--
-- Name: media_id_media_seq1; Type: SEQUENCE OWNED BY; Schema: public; Owner: admin
--

ALTER SEQUENCE public.media_id_media_seq1 OWNED BY public.media.id_media;


--
-- Name: mention; Type: TABLE; Schema: public; Owner: admin
--

CREATE TABLE public.mention (
    id_mention integer NOT NULL,
    nom_mention character varying(100),
    abbreviation character varying(10) NOT NULL,
    description_mention text,
    logo_path text
);


ALTER TABLE public.mention OWNER TO admin;

--
-- Name: mention_id_mention_seq; Type: SEQUENCE; Schema: public; Owner: admin
--

CREATE SEQUENCE public.mention_id_mention_seq
    AS integer
    START WITH 1
    INCREMENT BY 1
    NO MINVALUE
    NO MAXVALUE
    CACHE 1;


ALTER TABLE public.mention_id_mention_seq OWNER TO admin;

--
-- Name: mention_id_mention_seq1; Type: SEQUENCE; Schema: public; Owner: admin
--

CREATE SEQUENCE public.mention_id_mention_seq1
    AS integer
    START WITH 1
    INCREMENT BY 1
    NO MINVALUE
    NO MAXVALUE
    CACHE 1;


ALTER TABLE public.mention_id_mention_seq1 OWNER TO admin;

--
-- Name: mention_id_mention_seq1; Type: SEQUENCE OWNED BY; Schema: public; Owner: admin
--

ALTER SEQUENCE public.mention_id_mention_seq1 OWNED BY public.mention.id_mention;


--
-- Name: mention_id_seq; Type: SEQUENCE; Schema: public; Owner: admin
--

CREATE SEQUENCE public.mention_id_seq
    AS integer
    START WITH 1
    INCREMENT BY 1
    NO MINVALUE
    NO MAXVALUE
    CACHE 1;


ALTER TABLE public.mention_id_seq OWNER TO admin;

--
-- Name: mention_niveau_parcours; Type: TABLE; Schema: public; Owner: admin
--

CREATE TABLE public.mention_niveau_parcours (
    id_mnp integer NOT NULL,
    id_parcours integer NOT NULL,
    id_mention integer NOT NULL,
    id_niveau integer NOT NULL,
    id_parcours_professionnalisante integer,
    id_specialite integer
);


ALTER TABLE public.mention_niveau_parcours OWNER TO admin;

--
-- Name: mention_niveau_parcours_id_mnp_seq; Type: SEQUENCE; Schema: public; Owner: admin
--

CREATE SEQUENCE public.mention_niveau_parcours_id_mnp_seq
    AS integer
    START WITH 1
    INCREMENT BY 1
    NO MINVALUE
    NO MAXVALUE
    CACHE 1;


ALTER TABLE public.mention_niveau_parcours_id_mnp_seq OWNER TO admin;

--
-- Name: mention_niveau_parcours_id_mnp_seq1; Type: SEQUENCE; Schema: public; Owner: admin
--

CREATE SEQUENCE public.mention_niveau_parcours_id_mnp_seq1
    AS integer
    START WITH 1
    INCREMENT BY 1
    NO MINVALUE
    NO MAXVALUE
    CACHE 1;


ALTER TABLE public.mention_niveau_parcours_id_mnp_seq1 OWNER TO admin;

--
-- Name: mention_niveau_parcours_id_mnp_seq1; Type: SEQUENCE OWNED BY; Schema: public; Owner: admin
--

ALTER SEQUENCE public.mention_niveau_parcours_id_mnp_seq1 OWNED BY public.mention_niveau_parcours.id_mnp;


--
-- Name: mention_responsable; Type: TABLE; Schema: public; Owner: admin
--

CREATE TABLE public.mention_responsable (
    id_respo_mention integer NOT NULL,
    id_mention integer NOT NULL,
    id_personne integer NOT NULL,
    date_debut date DEFAULT CURRENT_DATE,
    date_fin date
);


ALTER TABLE public.mention_responsable OWNER TO admin;

--
-- Name: mention_responsable_id_respo_mention_seq; Type: SEQUENCE; Schema: public; Owner: admin
--

CREATE SEQUENCE public.mention_responsable_id_respo_mention_seq
    AS integer
    START WITH 1
    INCREMENT BY 1
    NO MINVALUE
    NO MAXVALUE
    CACHE 1;


ALTER TABLE public.mention_responsable_id_respo_mention_seq OWNER TO admin;

--
-- Name: mention_responsable_id_respo_mention_seq1; Type: SEQUENCE; Schema: public; Owner: admin
--

CREATE SEQUENCE public.mention_responsable_id_respo_mention_seq1
    AS integer
    START WITH 1
    INCREMENT BY 1
    NO MINVALUE
    NO MAXVALUE
    CACHE 1;


ALTER TABLE public.mention_responsable_id_respo_mention_seq1 OWNER TO admin;

--
-- Name: mention_responsable_id_respo_mention_seq1; Type: SEQUENCE OWNED BY; Schema: public; Owner: admin
--

ALTER SEQUENCE public.mention_responsable_id_respo_mention_seq1 OWNED BY public.mention_responsable.id_respo_mention;


--
-- Name: niveau; Type: TABLE; Schema: public; Owner: admin
--

CREATE TABLE public.niveau (
    id_niveau integer NOT NULL,
    nom_niveau character varying(10)
);


ALTER TABLE public.niveau OWNER TO admin;

--
-- Name: niveau_id_niveau_seq; Type: SEQUENCE; Schema: public; Owner: admin
--

CREATE SEQUENCE public.niveau_id_niveau_seq
    AS integer
    START WITH 1
    INCREMENT BY 1
    NO MINVALUE
    NO MAXVALUE
    CACHE 1;


ALTER TABLE public.niveau_id_niveau_seq OWNER TO admin;

--
-- Name: niveau_id_niveau_seq1; Type: SEQUENCE; Schema: public; Owner: admin
--

CREATE SEQUENCE public.niveau_id_niveau_seq1
    AS integer
    START WITH 1
    INCREMENT BY 1
    NO MINVALUE
    NO MAXVALUE
    CACHE 1;


ALTER TABLE public.niveau_id_niveau_seq1 OWNER TO admin;

--
-- Name: niveau_id_niveau_seq1; Type: SEQUENCE OWNED BY; Schema: public; Owner: admin
--

ALTER SEQUENCE public.niveau_id_niveau_seq1 OWNED BY public.niveau.id_niveau;


--
-- Name: paiement; Type: TABLE; Schema: public; Owner: admin
--

CREATE TABLE public.paiement (
    id_paiement integer NOT NULL,
    nom_payeur character varying(200),
    nom_beneficiaire character varying(200),
    agence character varying(200),
    reference character varying(100),
    date_paiement date,
    date_insertion date DEFAULT CURRENT_DATE,
    montant integer,
    id_preinscription integer,
    motif_paiement character varying(255),
    id_utilisateur integer,
    libelle text,
    valeur date
);


ALTER TABLE public.paiement OWNER TO admin;

--
-- Name: paiement_id_paiement_seq; Type: SEQUENCE; Schema: public; Owner: admin
--

CREATE SEQUENCE public.paiement_id_paiement_seq
    AS integer
    START WITH 1
    INCREMENT BY 1
    NO MINVALUE
    NO MAXVALUE
    CACHE 1;


ALTER TABLE public.paiement_id_paiement_seq OWNER TO admin;

--
-- Name: paiement_id_paiement_seq1; Type: SEQUENCE; Schema: public; Owner: admin
--

CREATE SEQUENCE public.paiement_id_paiement_seq1
    AS integer
    START WITH 1
    INCREMENT BY 1
    NO MINVALUE
    NO MAXVALUE
    CACHE 1;


ALTER TABLE public.paiement_id_paiement_seq1 OWNER TO admin;

--
-- Name: paiement_id_paiement_seq1; Type: SEQUENCE OWNED BY; Schema: public; Owner: admin
--

ALTER SEQUENCE public.paiement_id_paiement_seq1 OWNED BY public.paiement.id_paiement;


--
-- Name: parcours; Type: TABLE; Schema: public; Owner: admin
--

CREATE TABLE public.parcours (
    id_parcours integer NOT NULL,
    nom_parcours character varying(100),
    description_parcours text
);


ALTER TABLE public.parcours OWNER TO admin;

--
-- Name: parcours_id_parcours_seq; Type: SEQUENCE; Schema: public; Owner: admin
--

CREATE SEQUENCE public.parcours_id_parcours_seq
    AS integer
    START WITH 1
    INCREMENT BY 1
    NO MINVALUE
    NO MAXVALUE
    CACHE 1;


ALTER TABLE public.parcours_id_parcours_seq OWNER TO admin;

--
-- Name: parcours_id_parcours_seq1; Type: SEQUENCE; Schema: public; Owner: admin
--

CREATE SEQUENCE public.parcours_id_parcours_seq1
    AS integer
    START WITH 1
    INCREMENT BY 1
    NO MINVALUE
    NO MAXVALUE
    CACHE 1;


ALTER TABLE public.parcours_id_parcours_seq1 OWNER TO admin;

--
-- Name: parcours_id_parcours_seq1; Type: SEQUENCE OWNED BY; Schema: public; Owner: admin
--

ALTER SEQUENCE public.parcours_id_parcours_seq1 OWNED BY public.parcours.id_parcours;


--
-- Name: parcours_id_seq; Type: SEQUENCE; Schema: public; Owner: admin
--

CREATE SEQUENCE public.parcours_id_seq
    AS integer
    START WITH 1
    INCREMENT BY 1
    NO MINVALUE
    NO MAXVALUE
    CACHE 1;


ALTER TABLE public.parcours_id_seq OWNER TO admin;

--
-- Name: parcours_professionnalisante_id_parcours_professionnalisant_seq; Type: SEQUENCE; Schema: public; Owner: admin
--

CREATE SEQUENCE public.parcours_professionnalisante_id_parcours_professionnalisant_seq
    AS integer
    START WITH 1
    INCREMENT BY 1
    NO MINVALUE
    NO MAXVALUE
    CACHE 1;


ALTER TABLE public.parcours_professionnalisante_id_parcours_professionnalisant_seq OWNER TO admin;

--
-- Name: parcours_professionnalisante; Type: TABLE; Schema: public; Owner: admin
--

CREATE TABLE public.parcours_professionnalisante (
    id_parcours_professionnalisante integer DEFAULT nextval('public.parcours_professionnalisante_id_parcours_professionnalisant_seq'::regclass) NOT NULL,
    nom_parcours_professionnalisante character varying(100) NOT NULL
);


ALTER TABLE public.parcours_professionnalisante OWNER TO admin;

--
-- Name: pat; Type: TABLE; Schema: public; Owner: admin
--

CREATE TABLE public.pat (
    id_pat integer NOT NULL,
    id_personne integer NOT NULL,
    id_post_affectation integer NOT NULL,
    id_grade integer NOT NULL,
    id_fonction integer NOT NULL,
    date_debut timestamp without time zone DEFAULT CURRENT_TIMESTAMP,
    date_fin timestamp without time zone
);


ALTER TABLE public.pat OWNER TO admin;

--
-- Name: pat_id_pat_seq; Type: SEQUENCE; Schema: public; Owner: admin
--

CREATE SEQUENCE public.pat_id_pat_seq
    AS integer
    START WITH 1
    INCREMENT BY 1
    NO MINVALUE
    NO MAXVALUE
    CACHE 1;


ALTER TABLE public.pat_id_pat_seq OWNER TO admin;

--
-- Name: pat_id_pat_seq1; Type: SEQUENCE; Schema: public; Owner: admin
--

CREATE SEQUENCE public.pat_id_pat_seq1
    AS integer
    START WITH 1
    INCREMENT BY 1
    NO MINVALUE
    NO MAXVALUE
    CACHE 1;


ALTER TABLE public.pat_id_pat_seq1 OWNER TO admin;

--
-- Name: pat_id_pat_seq1; Type: SEQUENCE OWNED BY; Schema: public; Owner: admin
--

ALTER SEQUENCE public.pat_id_pat_seq1 OWNED BY public.pat.id_pat;


--
-- Name: personne; Type: TABLE; Schema: public; Owner: admin
--

CREATE TABLE public.personne (
    id_personne integer NOT NULL,
    nom text NOT NULL,
    email text,
    tel character varying(20),
    prenom text,
    date_insertion timestamp without time zone DEFAULT CURRENT_TIMESTAMP,
    sexe public.type_sexe,
    id_labo integer
);


ALTER TABLE public.personne OWNER TO admin;

--
-- Name: personne_id_personne_seq; Type: SEQUENCE; Schema: public; Owner: admin
--

CREATE SEQUENCE public.personne_id_personne_seq
    AS integer
    START WITH 1
    INCREMENT BY 1
    NO MINVALUE
    NO MAXVALUE
    CACHE 1;


ALTER TABLE public.personne_id_personne_seq OWNER TO admin;

--
-- Name: personne_id_personne_seq1; Type: SEQUENCE; Schema: public; Owner: admin
--

CREATE SEQUENCE public.personne_id_personne_seq1
    AS integer
    START WITH 1
    INCREMENT BY 1
    NO MINVALUE
    NO MAXVALUE
    CACHE 1;


ALTER TABLE public.personne_id_personne_seq1 OWNER TO admin;

--
-- Name: personne_id_personne_seq1; Type: SEQUENCE OWNED BY; Schema: public; Owner: admin
--

ALTER SEQUENCE public.personne_id_personne_seq1 OWNED BY public.personne.id_personne;


--
-- Name: portail; Type: TABLE; Schema: public; Owner: admin
--

CREATE TABLE public.portail (
    id_portail integer NOT NULL,
    nom_portail text NOT NULL,
    abbreviation character varying(10),
    est_academique boolean DEFAULT true
);


ALTER TABLE public.portail OWNER TO admin;

--
-- Name: portail_id_portail_seq; Type: SEQUENCE; Schema: public; Owner: admin
--

CREATE SEQUENCE public.portail_id_portail_seq
    AS integer
    START WITH 1
    INCREMENT BY 1
    NO MINVALUE
    NO MAXVALUE
    CACHE 1;


ALTER TABLE public.portail_id_portail_seq OWNER TO admin;

--
-- Name: portail_id_portail_seq; Type: SEQUENCE OWNED BY; Schema: public; Owner: admin
--

ALTER SEQUENCE public.portail_id_portail_seq OWNED BY public.portail.id_portail;


--
-- Name: portail_serie; Type: TABLE; Schema: public; Owner: admin
--

CREATE TABLE public.portail_serie (
    id_portserie integer NOT NULL,
    id_portail integer NOT NULL,
    id_serie integer NOT NULL
);


ALTER TABLE public.portail_serie OWNER TO admin;

--
-- Name: portail_serie_id_portserie_seq; Type: SEQUENCE; Schema: public; Owner: admin
--

CREATE SEQUENCE public.portail_serie_id_portserie_seq
    AS integer
    START WITH 1
    INCREMENT BY 1
    NO MINVALUE
    NO MAXVALUE
    CACHE 1;


ALTER TABLE public.portail_serie_id_portserie_seq OWNER TO admin;

--
-- Name: portail_serie_id_portserie_seq; Type: SEQUENCE OWNED BY; Schema: public; Owner: admin
--

ALTER SEQUENCE public.portail_serie_id_portserie_seq OWNED BY public.portail_serie.id_portserie;


--
-- Name: poste_affectation; Type: TABLE; Schema: public; Owner: admin
--

CREATE TABLE public.poste_affectation (
    id_post_affectation integer NOT NULL,
    abbreviation_post text NOT NULL,
    nom_post text
);


ALTER TABLE public.poste_affectation OWNER TO admin;

--
-- Name: poste_affectation_id_post_affectation_seq; Type: SEQUENCE; Schema: public; Owner: admin
--

CREATE SEQUENCE public.poste_affectation_id_post_affectation_seq
    AS integer
    START WITH 1
    INCREMENT BY 1
    NO MINVALUE
    NO MAXVALUE
    CACHE 1;


ALTER TABLE public.poste_affectation_id_post_affectation_seq OWNER TO admin;

--
-- Name: poste_affectation_id_post_affectation_seq1; Type: SEQUENCE; Schema: public; Owner: admin
--

CREATE SEQUENCE public.poste_affectation_id_post_affectation_seq1
    AS integer
    START WITH 1
    INCREMENT BY 1
    NO MINVALUE
    NO MAXVALUE
    CACHE 1;


ALTER TABLE public.poste_affectation_id_post_affectation_seq1 OWNER TO admin;

--
-- Name: poste_affectation_id_post_affectation_seq1; Type: SEQUENCE OWNED BY; Schema: public; Owner: admin
--

ALTER SEQUENCE public.poste_affectation_id_post_affectation_seq1 OWNED BY public.poste_affectation.id_post_affectation;


--
-- Name: preinscription; Type: TABLE; Schema: public; Owner: admin
--

CREATE TABLE public.preinscription (
    id_preinscription integer NOT NULL,
    email text,
    tel character varying(100),
    ref_bancaire character varying(100) NOT NULL,
    agence character varying(200) NOT NULL,
    date_paiement timestamp without time zone NOT NULL,
    date_preinscription timestamp without time zone DEFAULT CURRENT_TIMESTAMP,
    date_validation timestamp without time zone,
    est_selectionner boolean DEFAULT false,
    id_portail integer,
    date_selection date,
    est_valide boolean DEFAULT false,
    admin_validation integer,
    id_bac integer,
    mode_preinscription public.type_mode_preinscription DEFAULT 'enligne'::public.type_mode_preinscription,
    CONSTRAINT preinscription_email_check CHECK ((email ~ '^[A-Za-z0-9._%+-]+@[A-Za-z0-9.-]+\.[A-Za-z]{2,}$'::text))
);


ALTER TABLE public.preinscription OWNER TO admin;

--
-- Name: preinscription_id_preinscription_seq; Type: SEQUENCE; Schema: public; Owner: admin
--

CREATE SEQUENCE public.preinscription_id_preinscription_seq
    AS integer
    START WITH 1
    INCREMENT BY 1
    NO MINVALUE
    NO MAXVALUE
    CACHE 1;


ALTER TABLE public.preinscription_id_preinscription_seq OWNER TO admin;

--
-- Name: preinscription_id_preinscription_seq1; Type: SEQUENCE; Schema: public; Owner: admin
--

CREATE SEQUENCE public.preinscription_id_preinscription_seq1
    AS integer
    START WITH 1
    INCREMENT BY 1
    NO MINVALUE
    NO MAXVALUE
    CACHE 1;


ALTER TABLE public.preinscription_id_preinscription_seq1 OWNER TO admin;

--
-- Name: preinscription_id_preinscription_seq1; Type: SEQUENCE OWNED BY; Schema: public; Owner: admin
--

ALTER SEQUENCE public.preinscription_id_preinscription_seq1 OWNED BY public.preinscription.id_preinscription;


--
-- Name: professeur; Type: TABLE; Schema: public; Owner: admin
--

CREATE TABLE public.professeur (
    id_professeur integer NOT NULL,
    personne integer NOT NULL,
    titre integer NOT NULL
);


ALTER TABLE public.professeur OWNER TO admin;

--
-- Name: professeur_id_professeur_seq; Type: SEQUENCE; Schema: public; Owner: admin
--

CREATE SEQUENCE public.professeur_id_professeur_seq
    AS integer
    START WITH 1
    INCREMENT BY 1
    NO MINVALUE
    NO MAXVALUE
    CACHE 1;


ALTER TABLE public.professeur_id_professeur_seq OWNER TO admin;

--
-- Name: professeur_id_professeur_seq1; Type: SEQUENCE; Schema: public; Owner: admin
--

CREATE SEQUENCE public.professeur_id_professeur_seq1
    AS integer
    START WITH 1
    INCREMENT BY 1
    NO MINVALUE
    NO MAXVALUE
    CACHE 1;


ALTER TABLE public.professeur_id_professeur_seq1 OWNER TO admin;

--
-- Name: professeur_id_professeur_seq1; Type: SEQUENCE OWNED BY; Schema: public; Owner: admin
--

ALTER SEQUENCE public.professeur_id_professeur_seq1 OWNED BY public.professeur.id_professeur;


--
-- Name: respo_labo; Type: TABLE; Schema: public; Owner: admin
--

CREATE TABLE public.respo_labo (
    id_respo_labo integer NOT NULL,
    responsable integer,
    date_debut timestamp without time zone DEFAULT CURRENT_TIMESTAMP,
    date_fin timestamp without time zone,
    id_labo integer
);


ALTER TABLE public.respo_labo OWNER TO admin;

--
-- Name: respo_labo_id_respo_labo_seq; Type: SEQUENCE; Schema: public; Owner: admin
--

CREATE SEQUENCE public.respo_labo_id_respo_labo_seq
    AS integer
    START WITH 1
    INCREMENT BY 1
    NO MINVALUE
    NO MAXVALUE
    CACHE 1;


ALTER TABLE public.respo_labo_id_respo_labo_seq OWNER TO admin;

--
-- Name: respo_labo_id_respo_labo_seq1; Type: SEQUENCE; Schema: public; Owner: admin
--

CREATE SEQUENCE public.respo_labo_id_respo_labo_seq1
    AS integer
    START WITH 1
    INCREMENT BY 1
    NO MINVALUE
    NO MAXVALUE
    CACHE 1;


ALTER TABLE public.respo_labo_id_respo_labo_seq1 OWNER TO admin;

--
-- Name: respo_labo_id_respo_labo_seq1; Type: SEQUENCE OWNED BY; Schema: public; Owner: admin
--

ALTER SEQUENCE public.respo_labo_id_respo_labo_seq1 OWNED BY public.respo_labo.id_respo_labo;


--
-- Name: role; Type: TABLE; Schema: public; Owner: admin
--

CREATE TABLE public.role (
    id_role integer NOT NULL,
    nom_role character varying(200)
);


ALTER TABLE public.role OWNER TO admin;

--
-- Name: role_id_role_seq; Type: SEQUENCE; Schema: public; Owner: admin
--

CREATE SEQUENCE public.role_id_role_seq
    AS integer
    START WITH 1
    INCREMENT BY 1
    NO MINVALUE
    NO MAXVALUE
    CACHE 1;


ALTER TABLE public.role_id_role_seq OWNER TO admin;

--
-- Name: role_id_role_seq1; Type: SEQUENCE; Schema: public; Owner: admin
--

CREATE SEQUENCE public.role_id_role_seq1
    AS integer
    START WITH 1
    INCREMENT BY 1
    NO MINVALUE
    NO MAXVALUE
    CACHE 1;


ALTER TABLE public.role_id_role_seq1 OWNER TO admin;

--
-- Name: role_id_role_seq1; Type: SEQUENCE OWNED BY; Schema: public; Owner: admin
--

ALTER SEQUENCE public.role_id_role_seq1 OWNED BY public.role.id_role;


--
-- Name: role_utilisateur; Type: TABLE; Schema: public; Owner: admin
--

CREATE TABLE public.role_utilisateur (
    id_role_utilisateur integer NOT NULL,
    id_role integer NOT NULL,
    id_utilisateur integer NOT NULL
);


ALTER TABLE public.role_utilisateur OWNER TO admin;

--
-- Name: role_utilisateur_id_role_utilisateur_seq; Type: SEQUENCE; Schema: public; Owner: admin
--

CREATE SEQUENCE public.role_utilisateur_id_role_utilisateur_seq
    AS integer
    START WITH 1
    INCREMENT BY 1
    NO MINVALUE
    NO MAXVALUE
    CACHE 1;


ALTER TABLE public.role_utilisateur_id_role_utilisateur_seq OWNER TO admin;

--
-- Name: role_utilisateur_id_role_utilisateur_seq1; Type: SEQUENCE; Schema: public; Owner: admin
--

CREATE SEQUENCE public.role_utilisateur_id_role_utilisateur_seq1
    AS integer
    START WITH 1
    INCREMENT BY 1
    NO MINVALUE
    NO MAXVALUE
    CACHE 1;


ALTER TABLE public.role_utilisateur_id_role_utilisateur_seq1 OWNER TO admin;

--
-- Name: role_utilisateur_id_role_utilisateur_seq1; Type: SEQUENCE OWNED BY; Schema: public; Owner: admin
--

ALTER SEQUENCE public.role_utilisateur_id_role_utilisateur_seq1 OWNED BY public.role_utilisateur.id_role_utilisateur;


--
-- Name: serie; Type: TABLE; Schema: public; Owner: admin
--

CREATE TABLE public.serie (
    id_serie integer NOT NULL,
    nom_serie text,
    est_technique boolean DEFAULT false
);


ALTER TABLE public.serie OWNER TO admin;

--
-- Name: serie_id_serie_seq; Type: SEQUENCE; Schema: public; Owner: admin
--

CREATE SEQUENCE public.serie_id_serie_seq
    AS integer
    START WITH 1
    INCREMENT BY 1
    NO MINVALUE
    NO MAXVALUE
    CACHE 1;


ALTER TABLE public.serie_id_serie_seq OWNER TO admin;

--
-- Name: serie_id_serie_seq; Type: SEQUENCE OWNED BY; Schema: public; Owner: admin
--

ALTER SEQUENCE public.serie_id_serie_seq OWNED BY public.serie.id_serie;


--
-- Name: sms; Type: TABLE; Schema: public; Owner: admin
--

CREATE TABLE public.sms (
    id_sms integer NOT NULL,
    envoyeur character varying(15) NOT NULL,
    recepteur character varying(15) NOT NULL,
    contenu character varying(255),
    date_sms date
);


ALTER TABLE public.sms OWNER TO admin;

--
-- Name: sms_id_sms_seq; Type: SEQUENCE; Schema: public; Owner: admin
--

CREATE SEQUENCE public.sms_id_sms_seq
    AS integer
    START WITH 1
    INCREMENT BY 1
    NO MINVALUE
    NO MAXVALUE
    CACHE 1;


ALTER TABLE public.sms_id_sms_seq OWNER TO admin;

--
-- Name: sms_id_sms_seq1; Type: SEQUENCE; Schema: public; Owner: admin
--

CREATE SEQUENCE public.sms_id_sms_seq1
    AS integer
    START WITH 1
    INCREMENT BY 1
    NO MINVALUE
    NO MAXVALUE
    CACHE 1;


ALTER TABLE public.sms_id_sms_seq1 OWNER TO admin;

--
-- Name: sms_id_sms_seq1; Type: SEQUENCE OWNED BY; Schema: public; Owner: admin
--

ALTER SEQUENCE public.sms_id_sms_seq1 OWNED BY public.sms.id_sms;


--
-- Name: specialite; Type: TABLE; Schema: public; Owner: admin
--

CREATE TABLE public.specialite (
    id_specialite integer NOT NULL,
    nom_specialite character varying(200) NOT NULL
);


ALTER TABLE public.specialite OWNER TO admin;

--
-- Name: specialite_id_specialite_seq; Type: SEQUENCE; Schema: public; Owner: admin
--

CREATE SEQUENCE public.specialite_id_specialite_seq
    AS integer
    START WITH 1
    INCREMENT BY 1
    NO MINVALUE
    NO MAXVALUE
    CACHE 1;


ALTER TABLE public.specialite_id_specialite_seq OWNER TO admin;

--
-- Name: specialite_id_specialite_seq1; Type: SEQUENCE; Schema: public; Owner: admin
--

CREATE SEQUENCE public.specialite_id_specialite_seq1
    AS integer
    START WITH 1
    INCREMENT BY 1
    NO MINVALUE
    NO MAXVALUE
    CACHE 1;


ALTER TABLE public.specialite_id_specialite_seq1 OWNER TO admin;

--
-- Name: specialite_id_specialite_seq1; Type: SEQUENCE OWNED BY; Schema: public; Owner: admin
--

ALTER SEQUENCE public.specialite_id_specialite_seq1 OWNED BY public.specialite.id_specialite;


--
-- Name: titre_professeur; Type: TABLE; Schema: public; Owner: admin
--

CREATE TABLE public.titre_professeur (
    id_titre integer NOT NULL,
    nom_titre character varying(250)
);


ALTER TABLE public.titre_professeur OWNER TO admin;

--
-- Name: titre_professeur_id_titre_seq; Type: SEQUENCE; Schema: public; Owner: admin
--

CREATE SEQUENCE public.titre_professeur_id_titre_seq
    AS integer
    START WITH 1
    INCREMENT BY 1
    NO MINVALUE
    NO MAXVALUE
    CACHE 1;


ALTER TABLE public.titre_professeur_id_titre_seq OWNER TO admin;

--
-- Name: titre_professeur_id_titre_seq1; Type: SEQUENCE; Schema: public; Owner: admin
--

CREATE SEQUENCE public.titre_professeur_id_titre_seq1
    AS integer
    START WITH 1
    INCREMENT BY 1
    NO MINVALUE
    NO MAXVALUE
    CACHE 1;


ALTER TABLE public.titre_professeur_id_titre_seq1 OWNER TO admin;

--
-- Name: titre_professeur_id_titre_seq1; Type: SEQUENCE OWNED BY; Schema: public; Owner: admin
--

ALTER SEQUENCE public.titre_professeur_id_titre_seq1 OWNED BY public.titre_professeur.id_titre;


--
-- Name: utilisateurs; Type: TABLE; Schema: public; Owner: admin
--

CREATE TABLE public.utilisateurs (
    id_utilisateur integer NOT NULL,
    identifiant character varying(200) NOT NULL,
    mot_de_passe character varying(200) NOT NULL
);


ALTER TABLE public.utilisateurs OWNER TO admin;

--
-- Name: utilisateurs_id_utilisateur_seq; Type: SEQUENCE; Schema: public; Owner: admin
--

CREATE SEQUENCE public.utilisateurs_id_utilisateur_seq
    AS integer
    START WITH 1
    INCREMENT BY 1
    NO MINVALUE
    NO MAXVALUE
    CACHE 1;


ALTER TABLE public.utilisateurs_id_utilisateur_seq OWNER TO admin;

--
-- Name: utilisateurs_id_utilisateur_seq1; Type: SEQUENCE; Schema: public; Owner: admin
--

CREATE SEQUENCE public.utilisateurs_id_utilisateur_seq1
    AS integer
    START WITH 1
    INCREMENT BY 1
    NO MINVALUE
    NO MAXVALUE
    CACHE 1;


ALTER TABLE public.utilisateurs_id_utilisateur_seq1 OWNER TO admin;

--
-- Name: utilisateurs_id_utilisateur_seq1; Type: SEQUENCE OWNED BY; Schema: public; Owner: admin
--

ALTER SEQUENCE public.utilisateurs_id_utilisateur_seq1 OWNED BY public.utilisateurs.id_utilisateur;


--
-- Name: actualite_media id; Type: DEFAULT; Schema: public; Owner: admin
--

ALTER TABLE ONLY public.actualite_media ALTER COLUMN id SET DEFAULT nextval('public.actualite_media_id_seq1'::regclass);


--
-- Name: appartenance id_appartenance; Type: DEFAULT; Schema: public; Owner: admin
--

ALTER TABLE ONLY public.appartenance ALTER COLUMN id_appartenance SET DEFAULT nextval('public.appartenance_id_appartenance_seq1'::regclass);


--
-- Name: bac id_bac; Type: DEFAULT; Schema: public; Owner: admin
--

ALTER TABLE ONLY public.bac ALTER COLUMN id_bac SET DEFAULT nextval('public.bac_id_bac_seq1'::regclass);


--
-- Name: categorie_actualite id; Type: DEFAULT; Schema: public; Owner: admin
--

ALTER TABLE ONLY public.categorie_actualite ALTER COLUMN id SET DEFAULT nextval('public.categorie_actualite_id_seq1'::regclass);


--
-- Name: cofac id_cofac; Type: DEFAULT; Schema: public; Owner: admin
--

ALTER TABLE ONLY public.cofac ALTER COLUMN id_cofac SET DEFAULT nextval('public.cofac_id_cofac_seq1'::regclass);


--
-- Name: ecole_doctorale id_ecole_doctorale; Type: DEFAULT; Schema: public; Owner: admin
--

ALTER TABLE ONLY public.ecole_doctorale ALTER COLUMN id_ecole_doctorale SET DEFAULT nextval('public.ecole_doctorale_id_ecole_doctorale_seq1'::regclass);


--
-- Name: fonction id_fonction; Type: DEFAULT; Schema: public; Owner: admin
--

ALTER TABLE ONLY public.fonction ALTER COLUMN id_fonction SET DEFAULT nextval('public.fonction_id_fonction_seq1'::regclass);


--
-- Name: grade id_grade; Type: DEFAULT; Schema: public; Owner: admin
--

ALTER TABLE ONLY public.grade ALTER COLUMN id_grade SET DEFAULT nextval('public.grade_id_grade_seq1'::regclass);


--
-- Name: labo_media id_labo_media; Type: DEFAULT; Schema: public; Owner: admin
--

ALTER TABLE ONLY public.labo_media ALTER COLUMN id_labo_media SET DEFAULT nextval('public.labo_media_id_labo_media_seq1'::regclass);


--
-- Name: laboratoire id_labo; Type: DEFAULT; Schema: public; Owner: admin
--

ALTER TABLE ONLY public.laboratoire ALTER COLUMN id_labo SET DEFAULT nextval('public.laboratoire_id_labo_seq1'::regclass);


--
-- Name: media id_media; Type: DEFAULT; Schema: public; Owner: admin
--

ALTER TABLE ONLY public.media ALTER COLUMN id_media SET DEFAULT nextval('public.media_id_media_seq1'::regclass);


--
-- Name: mention id_mention; Type: DEFAULT; Schema: public; Owner: admin
--

ALTER TABLE ONLY public.mention ALTER COLUMN id_mention SET DEFAULT nextval('public.mention_id_mention_seq1'::regclass);


--
-- Name: mention_niveau_parcours id_mnp; Type: DEFAULT; Schema: public; Owner: admin
--

ALTER TABLE ONLY public.mention_niveau_parcours ALTER COLUMN id_mnp SET DEFAULT nextval('public.mention_niveau_parcours_id_mnp_seq1'::regclass);


--
-- Name: mention_responsable id_respo_mention; Type: DEFAULT; Schema: public; Owner: admin
--

ALTER TABLE ONLY public.mention_responsable ALTER COLUMN id_respo_mention SET DEFAULT nextval('public.mention_responsable_id_respo_mention_seq1'::regclass);


--
-- Name: niveau id_niveau; Type: DEFAULT; Schema: public; Owner: admin
--

ALTER TABLE ONLY public.niveau ALTER COLUMN id_niveau SET DEFAULT nextval('public.niveau_id_niveau_seq1'::regclass);


--
-- Name: paiement id_paiement; Type: DEFAULT; Schema: public; Owner: admin
--

ALTER TABLE ONLY public.paiement ALTER COLUMN id_paiement SET DEFAULT nextval('public.paiement_id_paiement_seq1'::regclass);


--
-- Name: parcours id_parcours; Type: DEFAULT; Schema: public; Owner: admin
--

ALTER TABLE ONLY public.parcours ALTER COLUMN id_parcours SET DEFAULT nextval('public.parcours_id_parcours_seq1'::regclass);


--
-- Name: pat id_pat; Type: DEFAULT; Schema: public; Owner: admin
--

ALTER TABLE ONLY public.pat ALTER COLUMN id_pat SET DEFAULT nextval('public.pat_id_pat_seq1'::regclass);


--
-- Name: personne id_personne; Type: DEFAULT; Schema: public; Owner: admin
--

ALTER TABLE ONLY public.personne ALTER COLUMN id_personne SET DEFAULT nextval('public.personne_id_personne_seq1'::regclass);


--
-- Name: portail id_portail; Type: DEFAULT; Schema: public; Owner: admin
--

ALTER TABLE ONLY public.portail ALTER COLUMN id_portail SET DEFAULT nextval('public.portail_id_portail_seq'::regclass);


--
-- Name: portail_serie id_portserie; Type: DEFAULT; Schema: public; Owner: admin
--

ALTER TABLE ONLY public.portail_serie ALTER COLUMN id_portserie SET DEFAULT nextval('public.portail_serie_id_portserie_seq'::regclass);


--
-- Name: poste_affectation id_post_affectation; Type: DEFAULT; Schema: public; Owner: admin
--

ALTER TABLE ONLY public.poste_affectation ALTER COLUMN id_post_affectation SET DEFAULT nextval('public.poste_affectation_id_post_affectation_seq1'::regclass);


--
-- Name: preinscription id_preinscription; Type: DEFAULT; Schema: public; Owner: admin
--

ALTER TABLE ONLY public.preinscription ALTER COLUMN id_preinscription SET DEFAULT nextval('public.preinscription_id_preinscription_seq1'::regclass);


--
-- Name: professeur id_professeur; Type: DEFAULT; Schema: public; Owner: admin
--

ALTER TABLE ONLY public.professeur ALTER COLUMN id_professeur SET DEFAULT nextval('public.professeur_id_professeur_seq1'::regclass);


--
-- Name: respo_labo id_respo_labo; Type: DEFAULT; Schema: public; Owner: admin
--

ALTER TABLE ONLY public.respo_labo ALTER COLUMN id_respo_labo SET DEFAULT nextval('public.respo_labo_id_respo_labo_seq1'::regclass);


--
-- Name: role id_role; Type: DEFAULT; Schema: public; Owner: admin
--

ALTER TABLE ONLY public.role ALTER COLUMN id_role SET DEFAULT nextval('public.role_id_role_seq1'::regclass);


--
-- Name: role_utilisateur id_role_utilisateur; Type: DEFAULT; Schema: public; Owner: admin
--

ALTER TABLE ONLY public.role_utilisateur ALTER COLUMN id_role_utilisateur SET DEFAULT nextval('public.role_utilisateur_id_role_utilisateur_seq1'::regclass);


--
-- Name: serie id_serie; Type: DEFAULT; Schema: public; Owner: admin
--

ALTER TABLE ONLY public.serie ALTER COLUMN id_serie SET DEFAULT nextval('public.serie_id_serie_seq'::regclass);


--
-- Name: sms id_sms; Type: DEFAULT; Schema: public; Owner: admin
--

ALTER TABLE ONLY public.sms ALTER COLUMN id_sms SET DEFAULT nextval('public.sms_id_sms_seq1'::regclass);


--
-- Name: specialite id_specialite; Type: DEFAULT; Schema: public; Owner: admin
--

ALTER TABLE ONLY public.specialite ALTER COLUMN id_specialite SET DEFAULT nextval('public.specialite_id_specialite_seq1'::regclass);


--
-- Name: titre_professeur id_titre; Type: DEFAULT; Schema: public; Owner: admin
--

ALTER TABLE ONLY public.titre_professeur ALTER COLUMN id_titre SET DEFAULT nextval('public.titre_professeur_id_titre_seq1'::regclass);


--
-- Name: utilisateurs id_utilisateur; Type: DEFAULT; Schema: public; Owner: admin
--

ALTER TABLE ONLY public.utilisateurs ALTER COLUMN id_utilisateur SET DEFAULT nextval('public.utilisateurs_id_utilisateur_seq1'::regclass);


--
-- Data for Name: AspNetRoleClaims; Type: TABLE DATA; Schema: public; Owner: admin
--



--
-- Data for Name: AspNetRoles; Type: TABLE DATA; Schema: public; Owner: admin
--

INSERT INTO public."AspNetRoles" VALUES ('516b0377-c243-4334-a401-b5b9f423d90b', 'admin', 'ADMIN', NULL);


--
-- Data for Name: AspNetUserClaims; Type: TABLE DATA; Schema: public; Owner: admin
--



--
-- Data for Name: AspNetUserLogins; Type: TABLE DATA; Schema: public; Owner: admin
--



--
-- Data for Name: AspNetUserRoles; Type: TABLE DATA; Schema: public; Owner: admin
--



--
-- Data for Name: AspNetUserTokens; Type: TABLE DATA; Schema: public; Owner: admin
--



--
-- Data for Name: AspNetUsers; Type: TABLE DATA; Schema: public; Owner: admin
--



--
-- Data for Name: __EFMigrationsHistory; Type: TABLE DATA; Schema: public; Owner: admin
--

INSERT INTO public."__EFMigrationsHistory" VALUES ('20250908075002_First', '8.0.8');
INSERT INTO public."__EFMigrationsHistory" VALUES ('20251007132733_recreationBDD', '8.0.8');


--
-- Data for Name: actualite; Type: TABLE DATA; Schema: public; Owner: admin
--



--
-- Data for Name: actualite_media; Type: TABLE DATA; Schema: public; Owner: admin
--



--
-- Data for Name: appartenance; Type: TABLE DATA; Schema: public; Owner: admin
--

INSERT INTO public.appartenance VALUES (1, 'Responsable mention');
INSERT INTO public.appartenance VALUES (2, 'Membre exterieur');
INSERT INTO public.appartenance VALUES (3, 'Representant enseignant');
INSERT INTO public.appartenance VALUES (4, 'Representant PAT');
INSERT INTO public.appartenance VALUES (6, 'Representant doctorant');
INSERT INTO public.appartenance VALUES (5, 'Representant etudiant');


--
-- Data for Name: bac; Type: TABLE DATA; Schema: public; Owner: admin
--

INSERT INTO public.bac VALUES (2, 2025, 8200135, NULL, true);
INSERT INTO public.bac VALUES (35, 2025, 5600140, NULL, true);
INSERT INTO public.bac VALUES (36, 2025, 3006023, NULL, true);


--
-- Data for Name: categorie_actualite; Type: TABLE DATA; Schema: public; Owner: admin
--



--
-- Data for Name: cofac; Type: TABLE DATA; Schema: public; Owner: admin
--

INSERT INTO public.cofac VALUES (1, 11, 1, '2025-09-08');
INSERT INTO public.cofac VALUES (2, 12, 1, '2025-09-08');
INSERT INTO public.cofac VALUES (3, 13, 1, '2025-09-08');
INSERT INTO public.cofac VALUES (4, 14, 1, '2025-09-08');
INSERT INTO public.cofac VALUES (5, 15, 1, '2025-09-08');
INSERT INTO public.cofac VALUES (6, 16, 1, '2025-09-08');
INSERT INTO public.cofac VALUES (7, 17, 1, '2025-09-08');
INSERT INTO public.cofac VALUES (8, 18, 1, '2025-09-08');
INSERT INTO public.cofac VALUES (9, 19, 1, '2025-09-08');
INSERT INTO public.cofac VALUES (10, 20, 1, '2025-09-08');
INSERT INTO public.cofac VALUES (11, 21, 1, '2025-09-08');
INSERT INTO public.cofac VALUES (12, 22, 1, '2025-09-08');
INSERT INTO public.cofac VALUES (13, 23, 1, '2025-09-08');
INSERT INTO public.cofac VALUES (14, 24, 1, '2025-09-08');
INSERT INTO public.cofac VALUES (15, 248, 2, '2025-09-08');
INSERT INTO public.cofac VALUES (16, 249, 2, '2025-09-08');
INSERT INTO public.cofac VALUES (17, 250, 2, '2025-09-08');
INSERT INTO public.cofac VALUES (18, 90, 3, '2025-09-08');
INSERT INTO public.cofac VALUES (19, 128, 3, '2025-09-08');
INSERT INTO public.cofac VALUES (20, 370, 4, '2025-09-08');
INSERT INTO public.cofac VALUES (21, 300, 4, '2025-09-08');


--
-- Data for Name: dvcs; Type: TABLE DATA; Schema: public; Owner: admin
--

INSERT INTO public.dvcs VALUES (1, 1, 29, '2025-09-09 17:30:30', NULL);
INSERT INTO public.dvcs VALUES (2, 2, 30, '2025-09-09 17:30:30', NULL);
INSERT INTO public.dvcs VALUES (3, 3, 31, '2025-09-09 17:30:30', NULL);
INSERT INTO public.dvcs VALUES (9, 6, 32, '2025-09-09 17:32:38', NULL);
INSERT INTO public.dvcs VALUES (10, 7, 33, '2025-09-09 17:32:38', NULL);
INSERT INTO public.dvcs VALUES (11, 8, 34, '2025-09-09 17:32:38', NULL);
INSERT INTO public.dvcs VALUES (12, 9, 35, '2025-09-09 17:32:38', NULL);
INSERT INTO public.dvcs VALUES (13, 10, 36, '2025-09-09 17:32:38', NULL);


--
-- Data for Name: ecole_doctorale; Type: TABLE DATA; Schema: public; Owner: admin
--

INSERT INTO public.ecole_doctorale VALUES (1, 'Ecole doctorale physique et applications');


--
-- Data for Name: fonction; Type: TABLE DATA; Schema: public; Owner: admin
--

INSERT INTO public.fonction VALUES (1, 'Secrétaire pricipal');
INSERT INTO public.fonction VALUES (2, 'Aide ferronier');
INSERT INTO public.fonction VALUES (3, 'Femme de ménage');
INSERT INTO public.fonction VALUES (4, 'Secrétaire du doyen');
INSERT INTO public.fonction VALUES (5, 'Gens de maison');
INSERT INTO public.fonction VALUES (6, 'Depositaire comptable');
INSERT INTO public.fonction VALUES (7, 'Souffleur');
INSERT INTO public.fonction VALUES (8, 'Planton');
INSERT INTO public.fonction VALUES (9, 'Secrétaire');
INSERT INTO public.fonction VALUES (10, 'Aide technicien');
INSERT INTO public.fonction VALUES (11, 'Juill');
INSERT INTO public.fonction VALUES (12, 'Secr comptable/coursier');
INSERT INTO public.fonction VALUES (13, 'Bibliothécaire');
INSERT INTO public.fonction VALUES (14, 'Informaticien');
INSERT INTO public.fonction VALUES (15, 'Aide informaticien');
INSERT INTO public.fonction VALUES (16, 'Technicien');
INSERT INTO public.fonction VALUES (17, 'Chef de service');
INSERT INTO public.fonction VALUES (18, 'Comptable');
INSERT INTO public.fonction VALUES (19, 'Polycopiste');
INSERT INTO public.fonction VALUES (20, 'Garçon d''amphi');
INSERT INTO public.fonction VALUES (21, 'Chauffeur');
INSERT INTO public.fonction VALUES (22, 'Gardien');
INSERT INTO public.fonction VALUES (23, 'Jardinier');
INSERT INTO public.fonction VALUES (24, 'Adjoint au chef');
INSERT INTO public.fonction VALUES (25, 'Maçon');
INSERT INTO public.fonction VALUES (26, 'Magasinier');
INSERT INTO public.fonction VALUES (27, 'Agent payeur');
INSERT INTO public.fonction VALUES (28, 'Secretaire comptable');
INSERT INTO public.fonction VALUES (29, 'Vice Doyen chargé de la formation');
INSERT INTO public.fonction VALUES (30, 'Vice Doyen chargé de la Recherche et du Partenariat');
INSERT INTO public.fonction VALUES (31, 'Vice Doyen chargé de la base de données et de la digitalisation');
INSERT INTO public.fonction VALUES (32, 'Chef de service Comptabilité');
INSERT INTO public.fonction VALUES (33, 'Chef de service de la Scolarité');
INSERT INTO public.fonction VALUES (34, 'Chef de service des Affaires Générales');
INSERT INTO public.fonction VALUES (35, 'Chef de service Informatique');
INSERT INTO public.fonction VALUES (36, 'Chef de service du Personnel');


--
-- Data for Name: grade; Type: TABLE DATA; Schema: public; Owner: admin
--

INSERT INTO public.grade VALUES (1, 'Attaché adm');
INSERT INTO public.grade VALUES (2, 'Concepteur');
INSERT INTO public.grade VALUES (3, 'Techn.sup.');
INSERT INTO public.grade VALUES (4, 'Adjoint de service');
INSERT INTO public.grade VALUES (5, 'Encadreur');
INSERT INTO public.grade VALUES (6, 'Réalisateur');
INSERT INTO public.grade VALUES (7, 'Réali/adj.');
INSERT INTO public.grade VALUES (8, 'Opérateur');
INSERT INTO public.grade VALUES (9, 'Ouvr prof 2è cat.');
INSERT INTO public.grade VALUES (10, 'Employé/sce');
INSERT INTO public.grade VALUES (11, 'Sous opérateur');
INSERT INTO public.grade VALUES (12, 'Ouvrier ordin');
INSERT INTO public.grade VALUES (13, 'Manœuvre sp');
INSERT INTO public.grade VALUES (14, 'Preparateur de labo');
INSERT INTO public.grade VALUES (15, 'Attac.2 plan');
INSERT INTO public.grade VALUES (16, 'Femme de ch');
INSERT INTO public.grade VALUES (17, 'Planton s l/e');
INSERT INTO public.grade VALUES (18, 'Assistant/sce');


--
-- Data for Name: labo_media; Type: TABLE DATA; Schema: public; Owner: admin
--



--
-- Data for Name: laboratoire; Type: TABLE DATA; Schema: public; Owner: admin
--

INSERT INTO public.laboratoire VALUES ('Dynamique de l’atmosphère, du climat et des océans', NULL, NULL, 2, 1, 'DyACO');
INSERT INTO public.laboratoire VALUES ('Laboratoire de micropaléontologie et de paléobotanique', 4, NULL, 3, NULL, NULL);
INSERT INTO public.laboratoire VALUES ('Laboratoire de paléontologie, biostratigraphie, géotourisme, géorisques', 4, NULL, 4, NULL, NULL);
INSERT INTO public.laboratoire VALUES ('Laboratoire de biochimie appliquée aux sciences médicales', 3, NULL, 5, NULL, NULL);
INSERT INTO public.laboratoire VALUES ('Laboratoire biochimie appliquée aux sciences de l’alimentation et à la nutrition', 3, NULL, 6, NULL, 'LABASAN');
INSERT INTO public.laboratoire VALUES ('Laboratoire d''immunologie', 3, NULL, 7, NULL, NULL);
INSERT INTO public.laboratoire VALUES ('Laboratoire de l’unité biotechnologie et amélioration des plantes', 2, NULL, 8, NULL, NULL);
INSERT INTO public.laboratoire VALUES ('Laboratoire de palynologie', 2, NULL, 9, NULL, NULL);
INSERT INTO public.laboratoire VALUES ('Laboratoire d’ecologie végétale', 2, NULL, 10, NULL, NULL);
INSERT INTO public.laboratoire VALUES ('Laboratoire de technologies forestières', 2, NULL, 11, NULL, NULL);
INSERT INTO public.laboratoire VALUES ('Laboratoire de systématique et valorisation de la diversité végétale', 2, NULL, 12, NULL, NULL);
INSERT INTO public.laboratoire VALUES ('Laboratoire d''anatomie des plantes', 2, NULL, 13, NULL, NULL);
INSERT INTO public.laboratoire VALUES ('Laboratoire de biologie moléculaire des plantes', 2, NULL, 14, NULL, NULL);
INSERT INTO public.laboratoire VALUES ('Mutual learning lab', 2, NULL, 15, NULL, 'MLL');
INSERT INTO public.laboratoire VALUES ('Laboratoire international associé', 5, NULL, 16, NULL, 'LIA');
INSERT INTO public.laboratoire VALUES ('Laboratoire des produits naturels et biotechnologie', 5, NULL, 17, NULL, 'LPNB');
INSERT INTO public.laboratoire VALUES ('Laboratoire de chimie appliquée aux substances naturelles', 5, NULL, 18, NULL, 'LACASN');
INSERT INTO public.laboratoire VALUES ('Laboratoire de chimie organique – substances marines', 5, NULL, 19, NULL, 'LCO-SM');
INSERT INTO public.laboratoire VALUES ('Laboratoire chimie minérale', 5, NULL, 20, NULL, NULL);
INSERT INTO public.laboratoire VALUES ('Laboratoire chimie minérale et chimie industrielle', 5, NULL, 21, NULL, NULL);
INSERT INTO public.laboratoire VALUES ('Laboratoire de chimie moléculaire et de l’environnement', 5, NULL, 22, NULL, 'LCME');
INSERT INTO public.laboratoire VALUES ('Laboratoire de chimie analytique et de formulation', 5, NULL, 23, NULL, 'LCAF');
INSERT INTO public.laboratoire VALUES ('Laboratoire de biodiversité et systématique des arthropodes', 6, NULL, 24, NULL, NULL);
INSERT INTO public.laboratoire VALUES ('Laboratoire d''entomologie agricole et forestière', 6, NULL, 25, NULL, NULL);
INSERT INTO public.laboratoire VALUES ('Laboratoire d''entomologie médicale', 6, NULL, 26, NULL, NULL);
INSERT INTO public.laboratoire VALUES ('Laboratoire gestion des ressources minérales et géo-environnement', 14, NULL, 27, NULL, 'G2RE');
INSERT INTO public.laboratoire VALUES ('Centre de recherche et d’études en génie de l’eau et de l’environnement :', 10, NULL, 28, NULL, 'CREG2E');
INSERT INTO public.laboratoire VALUES ('Chimie minérale et chimie appliquée', 10, NULL, 29, NULL, 'CMCA');
INSERT INTO public.laboratoire VALUES ('Laboratoire de chimie physique des macromolecules', 10, NULL, 30, NULL, NULL);
INSERT INTO public.laboratoire VALUES ('Laboratoire de chimie structurale', 10, NULL, 31, NULL, NULL);
INSERT INTO public.laboratoire VALUES ('Laboratoire de chimie de l''environnement', 10, NULL, 32, NULL, NULL);
INSERT INTO public.laboratoire VALUES ('Laboratoire de chimie physique appliquee', 10, NULL, 33, NULL, NULL);
INSERT INTO public.laboratoire VALUES ('Laboratoire de pharmacologie générale, de pharmacocinétique et de cosmétologie', 9, NULL, 34, NULL, NULL);
INSERT INTO public.laboratoire VALUES ('Laboratoire de physiologie animale  - nutrition', 9, NULL, 35, NULL, NULL);
INSERT INTO public.laboratoire VALUES ('Laboratoire de physique nucléaire et physique de l’environnement', 8, NULL, 36, NULL, 'LPNPE');
INSERT INTO public.laboratoire VALUES ('Laboratoire thermique thermodynamique et combustion', 8, NULL, 37, NULL, 'LTTC');
INSERT INTO public.laboratoire VALUES ('Laboratoire de physique de la matière et du rayonnement', 8, NULL, 38, NULL, NULL);
INSERT INTO public.laboratoire VALUES ('Laboratoire de pétrologie, hydrogéologie et géotechnique', 11, NULL, 39, NULL, NULL);
INSERT INTO public.laboratoire VALUES ('Laboratoire de physique des solides et physique expérimentale', NULL, NULL, 1, 1, 'LPSPE');


--
-- Data for Name: media; Type: TABLE DATA; Schema: public; Owner: admin
--



--
-- Data for Name: mention; Type: TABLE DATA; Schema: public; Owner: admin
--

INSERT INTO public.mention VALUES (1, 'ANTHROPOBIOLOGIE ET DEVELOPPEMENT DURABLE', 'ADD', NULL, NULL);
INSERT INTO public.mention VALUES (2, 'BIOLOGIE ET ECOLOGIE VEGETALES', 'BEV', NULL, NULL);
INSERT INTO public.mention VALUES (3, 'BIOCHIMIE FONDAMENTALE ET APPLIQUEE', 'BFA', NULL, NULL);
INSERT INTO public.mention VALUES (5, 'CHIMIE', 'CHI', NULL, NULL);
INSERT INTO public.mention VALUES (6, 'ENTOMOLOGIE – CULTURE – ELEVAGE - SANTE', 'ECES', NULL, NULL);
INSERT INTO public.mention VALUES (7, 'MATHEMATIQUES ET INFORMATIQUES', 'MI', NULL, NULL);
INSERT INTO public.mention VALUES (8, 'PHYSIQUES ET APPLICATIONS', 'PAP', NULL, NULL);
INSERT INTO public.mention VALUES (9, 'PHYSIOLOGIE ANIMALE – PHARMACOLOGIE – COSMETOLOGIE', 'PPC', NULL, NULL);
INSERT INTO public.mention VALUES (10, 'PROCEDES ET ECOLOGIE INDUSTRIELLE', 'PEI', NULL, NULL);
INSERT INTO public.mention VALUES (11, 'SCIENCES DE LA TERRE ET D’EVOLUTION', 'STE', NULL, NULL);
INSERT INTO public.mention VALUES (12, 'ZOOLOGIE ET BIODIVERSITE ANIMALE', 'ZBA', NULL, NULL);
INSERT INTO public.mention VALUES (13, 'INFORMATIQUE TECHNOLOGIE', 'IT', NULL, NULL);
INSERT INTO public.mention VALUES (14, 'GEOLOGIE APPLIQUEE AU DEVELOPPEMENT', 'GEODE', NULL, NULL);
INSERT INTO public.mention VALUES (4, 'BASSIN SEDIMENTAIRE – EVOLUTION - CONSERVATION', 'BEC', NULL, NULL);


--
-- Data for Name: mention_niveau_parcours; Type: TABLE DATA; Schema: public; Owner: admin
--

INSERT INTO public.mention_niveau_parcours VALUES (106, 54, 7, 4, NULL, 5);
INSERT INTO public.mention_niveau_parcours VALUES (107, 54, 7, 5, NULL, 5);
INSERT INTO public.mention_niveau_parcours VALUES (108, 54, 7, 4, NULL, 6);
INSERT INTO public.mention_niveau_parcours VALUES (109, 54, 7, 5, NULL, 6);
INSERT INTO public.mention_niveau_parcours VALUES (110, 16, 7, 4, NULL, 4);
INSERT INTO public.mention_niveau_parcours VALUES (111, 16, 7, 5, NULL, 4);
INSERT INTO public.mention_niveau_parcours VALUES (112, 16, 7, 4, NULL, 3);
INSERT INTO public.mention_niveau_parcours VALUES (113, 16, 7, 5, NULL, 3);
INSERT INTO public.mention_niveau_parcours VALUES (114, 16, 7, 4, NULL, 1);
INSERT INTO public.mention_niveau_parcours VALUES (115, 16, 7, 5, NULL, 1);
INSERT INTO public.mention_niveau_parcours VALUES (116, 16, 7, 4, NULL, 2);
INSERT INTO public.mention_niveau_parcours VALUES (117, 16, 7, 5, NULL, 2);
INSERT INTO public.mention_niveau_parcours VALUES (118, 8, 5, 2, 10, NULL);
INSERT INTO public.mention_niveau_parcours VALUES (119, 8, 5, 3, 10, NULL);
INSERT INTO public.mention_niveau_parcours VALUES (120, 23, 5, 4, 10, NULL);
INSERT INTO public.mention_niveau_parcours VALUES (121, 39, 5, 4, 10, NULL);
INSERT INTO public.mention_niveau_parcours VALUES (122, 39, 5, 5, 10, NULL);
INSERT INTO public.mention_niveau_parcours VALUES (123, 2, 2, 2, 8, NULL);
INSERT INTO public.mention_niveau_parcours VALUES (124, 4, 8, 4, 6, NULL);
INSERT INTO public.mention_niveau_parcours VALUES (125, 4, 8, 5, 6, NULL);
INSERT INTO public.mention_niveau_parcours VALUES (126, 4, 8, 4, 14, NULL);
INSERT INTO public.mention_niveau_parcours VALUES (127, 4, 8, 5, 14, NULL);
INSERT INTO public.mention_niveau_parcours VALUES (128, 27, 6, 4, 7, NULL);
INSERT INTO public.mention_niveau_parcours VALUES (129, 27, 6, 5, 7, NULL);
INSERT INTO public.mention_niveau_parcours VALUES (130, 17, 4, 4, 4, NULL);
INSERT INTO public.mention_niveau_parcours VALUES (131, 17, 4, 5, 4, NULL);
INSERT INTO public.mention_niveau_parcours VALUES (132, 14, 14, 5, 2, NULL);
INSERT INTO public.mention_niveau_parcours VALUES (133, 49, 11, 4, 13, NULL);
INSERT INTO public.mention_niveau_parcours VALUES (134, 49, 11, 5, 13, NULL);
INSERT INTO public.mention_niveau_parcours VALUES (135, 20, 8, 2, 11, NULL);
INSERT INTO public.mention_niveau_parcours VALUES (136, 20, 8, 3, 11, NULL);
INSERT INTO public.mention_niveau_parcours VALUES (137, 9, 8, 4, 11, NULL);
INSERT INTO public.mention_niveau_parcours VALUES (138, 20, 8, 2, 12, NULL);
INSERT INTO public.mention_niveau_parcours VALUES (139, 20, 8, 3, 12, NULL);
INSERT INTO public.mention_niveau_parcours VALUES (140, 9, 8, 4, 12, NULL);
INSERT INTO public.mention_niveau_parcours VALUES (141, 8, 5, 2, 5, NULL);
INSERT INTO public.mention_niveau_parcours VALUES (142, 8, 5, 3, 5, NULL);
INSERT INTO public.mention_niveau_parcours VALUES (143, 23, 5, 4, 5, NULL);
INSERT INTO public.mention_niveau_parcours VALUES (144, 4, 8, 4, 3, NULL);
INSERT INTO public.mention_niveau_parcours VALUES (145, 4, 8, 5, 3, NULL);
INSERT INTO public.mention_niveau_parcours VALUES (146, 39, 5, 4, 1, NULL);
INSERT INTO public.mention_niveau_parcours VALUES (147, 39, 5, 5, 1, NULL);
INSERT INTO public.mention_niveau_parcours VALUES (148, 2, 2, 2, 15, NULL);
INSERT INTO public.mention_niveau_parcours VALUES (149, 20, 8, 2, 9, NULL);
INSERT INTO public.mention_niveau_parcours VALUES (150, 20, 8, 3, 9, NULL);
INSERT INTO public.mention_niveau_parcours VALUES (151, 9, 8, 4, 9, NULL);
INSERT INTO public.mention_niveau_parcours VALUES (152, 44, 1, 3, NULL, NULL);
INSERT INTO public.mention_niveau_parcours VALUES (153, 44, 1, 4, NULL, NULL);
INSERT INTO public.mention_niveau_parcours VALUES (154, 44, 1, 5, NULL, NULL);
INSERT INTO public.mention_niveau_parcours VALUES (155, 33, 3, 3, NULL, NULL);
INSERT INTO public.mention_niveau_parcours VALUES (156, 25, 3, 4, NULL, NULL);
INSERT INTO public.mention_niveau_parcours VALUES (157, 25, 3, 5, NULL, NULL);
INSERT INTO public.mention_niveau_parcours VALUES (158, 55, 12, 4, NULL, NULL);
INSERT INTO public.mention_niveau_parcours VALUES (159, 55, 12, 5, NULL, NULL);
INSERT INTO public.mention_niveau_parcours VALUES (160, 12, 3, 4, NULL, NULL);
INSERT INTO public.mention_niveau_parcours VALUES (161, 12, 3, 5, NULL, NULL);
INSERT INTO public.mention_niveau_parcours VALUES (162, 10, 2, 3, NULL, NULL);
INSERT INTO public.mention_niveau_parcours VALUES (163, 8, 10, 2, NULL, NULL);
INSERT INTO public.mention_niveau_parcours VALUES (164, 8, 10, 3, NULL, NULL);
INSERT INTO public.mention_niveau_parcours VALUES (165, 23, 5, 5, NULL, NULL);
INSERT INTO public.mention_niveau_parcours VALUES (166, 6, 10, 4, NULL, NULL);
INSERT INTO public.mention_niveau_parcours VALUES (167, 6, 10, 5, NULL, NULL);
INSERT INTO public.mention_niveau_parcours VALUES (168, 38, 10, 4, NULL, NULL);
INSERT INTO public.mention_niveau_parcours VALUES (169, 38, 10, 5, NULL, NULL);
INSERT INTO public.mention_niveau_parcours VALUES (170, 7, 5, 4, NULL, NULL);
INSERT INTO public.mention_niveau_parcours VALUES (171, 7, 5, 5, NULL, NULL);
INSERT INTO public.mention_niveau_parcours VALUES (172, 15, 5, 4, NULL, NULL);
INSERT INTO public.mention_niveau_parcours VALUES (173, 15, 5, 5, NULL, NULL);
INSERT INTO public.mention_niveau_parcours VALUES (174, 21, 4, 4, NULL, NULL);
INSERT INTO public.mention_niveau_parcours VALUES (175, 21, 4, 5, NULL, NULL);
INSERT INTO public.mention_niveau_parcours VALUES (176, 11, 10, 4, NULL, NULL);
INSERT INTO public.mention_niveau_parcours VALUES (177, 11, 10, 5, NULL, NULL);
INSERT INTO public.mention_niveau_parcours VALUES (178, 32, 9, 4, NULL, NULL);
INSERT INTO public.mention_niveau_parcours VALUES (179, 32, 9, 5, NULL, NULL);
INSERT INTO public.mention_niveau_parcours VALUES (180, 24, 2, 5, NULL, NULL);
INSERT INTO public.mention_niveau_parcours VALUES (181, 24, 2, 5, NULL, NULL);
INSERT INTO public.mention_niveau_parcours VALUES (182, 29, 8, 4, NULL, NULL);
INSERT INTO public.mention_niveau_parcours VALUES (183, 29, 8, 5, NULL, NULL);
INSERT INTO public.mention_niveau_parcours VALUES (184, 45, 6, 4, NULL, NULL);
INSERT INTO public.mention_niveau_parcours VALUES (185, 45, 6, 5, NULL, NULL);
INSERT INTO public.mention_niveau_parcours VALUES (186, 1, 14, 2, NULL, NULL);
INSERT INTO public.mention_niveau_parcours VALUES (187, 1, 14, 3, NULL, NULL);
INSERT INTO public.mention_niveau_parcours VALUES (188, 1, 14, 4, NULL, NULL);
INSERT INTO public.mention_niveau_parcours VALUES (189, 34, 2, 2, NULL, NULL);
INSERT INTO public.mention_niveau_parcours VALUES (190, 34, 2, 3, NULL, NULL);
INSERT INTO public.mention_niveau_parcours VALUES (191, 37, 11, 4, NULL, NULL);
INSERT INTO public.mention_niveau_parcours VALUES (192, 37, 11, 5, NULL, NULL);
INSERT INTO public.mention_niveau_parcours VALUES (193, 43, 10, 4, NULL, NULL);
INSERT INTO public.mention_niveau_parcours VALUES (194, 43, 10, 5, NULL, NULL);
INSERT INTO public.mention_niveau_parcours VALUES (195, 5, 11, 4, NULL, NULL);
INSERT INTO public.mention_niveau_parcours VALUES (196, 5, 11, 5, NULL, NULL);
INSERT INTO public.mention_niveau_parcours VALUES (197, 50, 13, 1, NULL, NULL);
INSERT INTO public.mention_niveau_parcours VALUES (198, 50, 13, 2, NULL, NULL);
INSERT INTO public.mention_niveau_parcours VALUES (199, 50, 13, 3, NULL, NULL);
INSERT INTO public.mention_niveau_parcours VALUES (200, 16, 7, 3, NULL, NULL);
INSERT INTO public.mention_niveau_parcours VALUES (201, 40, 7, 3, NULL, NULL);
INSERT INTO public.mention_niveau_parcours VALUES (202, 41, 7, 2, NULL, NULL);
INSERT INTO public.mention_niveau_parcours VALUES (203, 31, 8, 1, NULL, NULL);
INSERT INTO public.mention_niveau_parcours VALUES (204, 30, 13, 4, NULL, NULL);
INSERT INTO public.mention_niveau_parcours VALUES (205, 30, 13, 5, NULL, NULL);
INSERT INTO public.mention_niveau_parcours VALUES (206, 19, 7, 3, NULL, NULL);
INSERT INTO public.mention_niveau_parcours VALUES (207, 56, 9, 4, NULL, NULL);
INSERT INTO public.mention_niveau_parcours VALUES (208, 56, 9, 5, NULL, NULL);
INSERT INTO public.mention_niveau_parcours VALUES (209, 28, 10, 4, NULL, NULL);
INSERT INTO public.mention_niveau_parcours VALUES (210, 28, 10, 5, NULL, NULL);
INSERT INTO public.mention_niveau_parcours VALUES (211, 22, 9, 4, NULL, NULL);
INSERT INTO public.mention_niveau_parcours VALUES (212, 22, 9, 5, NULL, NULL);
INSERT INTO public.mention_niveau_parcours VALUES (213, 3, 8, 4, NULL, NULL);
INSERT INTO public.mention_niveau_parcours VALUES (214, 3, 8, 5, NULL, NULL);
INSERT INTO public.mention_niveau_parcours VALUES (215, 36, 8, 4, NULL, NULL);
INSERT INTO public.mention_niveau_parcours VALUES (216, 36, 8, 5, NULL, NULL);
INSERT INTO public.mention_niveau_parcours VALUES (217, 9, 8, 5, NULL, NULL);
INSERT INTO public.mention_niveau_parcours VALUES (218, 42, 8, 4, NULL, NULL);
INSERT INTO public.mention_niveau_parcours VALUES (219, 42, 8, 5, NULL, NULL);
INSERT INTO public.mention_niveau_parcours VALUES (220, 46, 2, 5, NULL, NULL);
INSERT INTO public.mention_niveau_parcours VALUES (221, 46, 2, 5, NULL, NULL);
INSERT INTO public.mention_niveau_parcours VALUES (222, 53, 7, 1, NULL, NULL);
INSERT INTO public.mention_niveau_parcours VALUES (223, 35, 9, 2, NULL, NULL);
INSERT INTO public.mention_niveau_parcours VALUES (224, 35, 9, 3, NULL, NULL);
INSERT INTO public.mention_niveau_parcours VALUES (225, 13, 4, 4, NULL, NULL);
INSERT INTO public.mention_niveau_parcours VALUES (226, 13, 4, 5, NULL, NULL);
INSERT INTO public.mention_niveau_parcours VALUES (227, 26, 2, 1, NULL, NULL);
INSERT INTO public.mention_niveau_parcours VALUES (228, 47, 11, 4, NULL, NULL);
INSERT INTO public.mention_niveau_parcours VALUES (229, 47, 11, 5, NULL, NULL);
INSERT INTO public.mention_niveau_parcours VALUES (230, 48, 3, 4, NULL, NULL);
INSERT INTO public.mention_niveau_parcours VALUES (231, 48, 3, 5, NULL, NULL);
INSERT INTO public.mention_niveau_parcours VALUES (232, 18, 11, 2, NULL, NULL);
INSERT INTO public.mention_niveau_parcours VALUES (233, 18, 11, 3, NULL, NULL);
INSERT INTO public.mention_niveau_parcours VALUES (234, 52, 2, 5, NULL, NULL);
INSERT INTO public.mention_niveau_parcours VALUES (235, 52, 2, 5, NULL, NULL);
INSERT INTO public.mention_niveau_parcours VALUES (236, 51, 5, 1, NULL, NULL);
INSERT INTO public.mention_niveau_parcours VALUES (237, 51, 10, 1, NULL, NULL);


--
-- Data for Name: mention_responsable; Type: TABLE DATA; Schema: public; Owner: admin
--

INSERT INTO public.mention_responsable VALUES (1, 1, 11, '2025-09-06', NULL);
INSERT INTO public.mention_responsable VALUES (2, 2, 12, '2025-09-06', NULL);
INSERT INTO public.mention_responsable VALUES (3, 3, 13, '2025-09-06', NULL);
INSERT INTO public.mention_responsable VALUES (4, 4, 14, '2025-09-06', NULL);
INSERT INTO public.mention_responsable VALUES (5, 5, 15, '2025-09-06', NULL);
INSERT INTO public.mention_responsable VALUES (6, 6, 16, '2025-09-06', NULL);
INSERT INTO public.mention_responsable VALUES (7, 7, 17, '2025-09-06', NULL);
INSERT INTO public.mention_responsable VALUES (8, 8, 18, '2025-09-06', NULL);
INSERT INTO public.mention_responsable VALUES (9, 9, 19, '2025-09-06', NULL);
INSERT INTO public.mention_responsable VALUES (10, 10, 20, '2025-09-06', NULL);
INSERT INTO public.mention_responsable VALUES (11, 11, 21, '2025-09-06', NULL);
INSERT INTO public.mention_responsable VALUES (12, 12, 22, '2025-09-06', NULL);
INSERT INTO public.mention_responsable VALUES (13, 13, 23, '2025-09-06', NULL);
INSERT INTO public.mention_responsable VALUES (14, 14, 24, '2025-09-06', NULL);


--
-- Data for Name: niveau; Type: TABLE DATA; Schema: public; Owner: admin
--

INSERT INTO public.niveau VALUES (1, 'L1');
INSERT INTO public.niveau VALUES (2, 'L2');
INSERT INTO public.niveau VALUES (3, 'L3');
INSERT INTO public.niveau VALUES (4, 'M1');
INSERT INTO public.niveau VALUES (5, 'M2');


--
-- Data for Name: paiement; Type: TABLE DATA; Schema: public; Owner: admin
--



--
-- Data for Name: parcours; Type: TABLE DATA; Schema: public; Owner: admin
--

INSERT INTO public.parcours VALUES (1, 'GEODE', NULL);
INSERT INTO public.parcours VALUES (2, 'FEB', NULL);
INSERT INTO public.parcours VALUES (3, 'PHYSIQUE DE LA MATIÈRE ET DU RAYONNEMENT', NULL);
INSERT INTO public.parcours VALUES (4, 'ENERGÉTIQUE', NULL);
INSERT INTO public.parcours VALUES (5, 'HYDROGEOLOGIE', NULL);
INSERT INTO public.parcours VALUES (6, 'CHIMIE DE L''ENVIRONNEMENT', NULL);
INSERT INTO public.parcours VALUES (7, 'CHIMIE INORGANIQUE ET GÉNIE DES PROCÈDÉS', NULL);
INSERT INTO public.parcours VALUES (8, 'CHIMIE', NULL);
INSERT INTO public.parcours VALUES (9, 'PHYSIQUE DU GLOBE', NULL);
INSERT INTO public.parcours VALUES (10, 'BOE', NULL);
INSERT INTO public.parcours VALUES (11, 'CONTRÔLE, ASSURANCE, QUALITÉ', NULL);
INSERT INTO public.parcours VALUES (12, 'BIOTECHNOLOGIE', NULL);
INSERT INTO public.parcours VALUES (13, 'PSAEECO', NULL);
INSERT INTO public.parcours VALUES (14, 'GMINE-GEADEV', NULL);
INSERT INTO public.parcours VALUES (15, 'CHIMIE MOLÉCULAIRE', NULL);
INSERT INTO public.parcours VALUES (16, 'MATHS APPLI', NULL);
INSERT INTO public.parcours VALUES (17, 'BAR', NULL);
INSERT INTO public.parcours VALUES (18, 'STE', NULL);
INSERT INTO public.parcours VALUES (19, 'PAAC', NULL);
INSERT INTO public.parcours VALUES (20, 'PHYSIQUE', NULL);
INSERT INTO public.parcours VALUES (21, 'COLCO', NULL);
INSERT INTO public.parcours VALUES (22, 'PHYSIOLOGIE ANIMALE', NULL);
INSERT INTO public.parcours VALUES (23, 'CHIMIE BIOLOGIE', NULL);
INSERT INTO public.parcours VALUES (24, 'DIASE', NULL);
INSERT INTO public.parcours VALUES (25, 'BBS', NULL);
INSERT INTO public.parcours VALUES (26, 'PSVT', NULL);
INSERT INTO public.parcours VALUES (27, 'SPAD', NULL);
INSERT INTO public.parcours VALUES (28, 'PHYSICO-CHIMIE DES MÉLANGES COMPLEXES', NULL);
INSERT INTO public.parcours VALUES (29, 'DYACO', NULL);
INSERT INTO public.parcours VALUES (30, 'MISA', NULL);
INSERT INTO public.parcours VALUES (31, 'MIPC', NULL);
INSERT INTO public.parcours VALUES (32, 'COSMETOLOGIE', NULL);
INSERT INTO public.parcours VALUES (33, 'BBM', NULL);
INSERT INTO public.parcours VALUES (34, 'GEOSCIENCES', NULL);
INSERT INTO public.parcours VALUES (35, 'PPC', NULL);
INSERT INTO public.parcours VALUES (36, 'PHYSIQUE DES HAUTES ÉNERGIES', NULL);
INSERT INTO public.parcours VALUES (37, 'GREEN', NULL);
INSERT INTO public.parcours VALUES (38, 'CHIMIE DES MATÉRIAUX', NULL);
INSERT INTO public.parcours VALUES (39, 'CHIMIE DES SUBSTANCES NATURELLES', NULL);
INSERT INTO public.parcours VALUES (40, 'MATHS FONDA', NULL);
INSERT INTO public.parcours VALUES (41, 'MATHÉMATIQUES COMMUNES', NULL);
INSERT INTO public.parcours VALUES (42, 'PHYSIQUE NUCLÉAIRE APPLIQUÉE À L''ENVIRONNEMENT', NULL);
INSERT INTO public.parcours VALUES (43, 'GÉNIE DE L''EAU ET GÉNIE DE L''ENVIRONNEMENT', NULL);
INSERT INTO public.parcours VALUES (44, 'ABE', NULL);
INSERT INTO public.parcours VALUES (45, 'GDINS', NULL);
INSERT INTO public.parcours VALUES (46, 'PHYTECH', NULL);
INSERT INTO public.parcours VALUES (47, 'RME', NULL);
INSERT INTO public.parcours VALUES (48, 'SAN', NULL);
INSERT INTO public.parcours VALUES (49, 'GEOTECHNIQUE', NULL);
INSERT INTO public.parcours VALUES (50, 'IT', NULL);
INSERT INTO public.parcours VALUES (51, 'TRONC COMMUN AVEC PHYSIQUE', NULL);
INSERT INTO public.parcours VALUES (52, 'SYGEDUR', NULL);
INSERT INTO public.parcours VALUES (53, 'PORTAIL MATHÉMATIQUES', NULL);
INSERT INTO public.parcours VALUES (54, 'MATHS STRUCTURES', NULL);
INSERT INTO public.parcours VALUES (55, 'BCA', NULL);
INSERT INTO public.parcours VALUES (56, 'PHARMACOLOGIE', NULL);


--
-- Data for Name: parcours_professionnalisante; Type: TABLE DATA; Schema: public; Owner: admin
--

INSERT INTO public.parcours_professionnalisante VALUES (1, 'MISTE');
INSERT INTO public.parcours_professionnalisante VALUES (2, 'GEODE');
INSERT INTO public.parcours_professionnalisante VALUES (3, 'MIER');
INSERT INTO public.parcours_professionnalisante VALUES (4, 'GECOGELL');
INSERT INTO public.parcours_professionnalisante VALUES (5, 'LISTE');
INSERT INTO public.parcours_professionnalisante VALUES (6, ' MISEI');
INSERT INTO public.parcours_professionnalisante VALUES (7, 'GDINS');
INSERT INTO public.parcours_professionnalisante VALUES (8, ' FPST');
INSERT INTO public.parcours_professionnalisante VALUES (9, 'TND');
INSERT INTO public.parcours_professionnalisante VALUES (10, ' ACP');
INSERT INTO public.parcours_professionnalisante VALUES (11, 'LIER');
INSERT INTO public.parcours_professionnalisante VALUES (12, 'LIPSS');
INSERT INTO public.parcours_professionnalisante VALUES (13, 'HYDROASS');
INSERT INTO public.parcours_professionnalisante VALUES (14, ' STGG');
INSERT INTO public.parcours_professionnalisante VALUES (15, 'PSEG');


--
-- Data for Name: pat; Type: TABLE DATA; Schema: public; Owner: admin
--

INSERT INTO public.pat VALUES (1, 251, 1, 3, 18, '2025-09-09 09:32:17', NULL);
INSERT INTO public.pat VALUES (2, 252, 1, 16, 3, '2025-09-09 09:32:17', NULL);
INSERT INTO public.pat VALUES (3, 253, 2, 7, 18, '2025-09-09 09:32:17', NULL);
INSERT INTO public.pat VALUES (4, 254, 2, 5, 9, '2025-09-09 09:32:17', NULL);
INSERT INTO public.pat VALUES (5, 255, 2, 5, 16, '2025-09-09 09:32:17', NULL);
INSERT INTO public.pat VALUES (6, 256, 2, 4, 16, '2025-09-09 09:32:17', NULL);
INSERT INTO public.pat VALUES (7, 257, 2, 5, 16, '2025-09-09 09:32:17', NULL);
INSERT INTO public.pat VALUES (8, 258, 2, 5, 16, '2025-09-09 09:32:17', NULL);
INSERT INTO public.pat VALUES (9, 259, 2, 18, 10, '2025-09-09 09:32:17', NULL);
INSERT INTO public.pat VALUES (10, 260, 2, 18, 3, '2025-09-09 09:32:17', NULL);
INSERT INTO public.pat VALUES (11, 261, 2, 9, 10, '2025-09-09 09:32:17', NULL);
INSERT INTO public.pat VALUES (12, 262, 2, 14, 10, '2025-09-09 09:32:17', NULL);
INSERT INTO public.pat VALUES (13, 263, 3, 2, 28, '2025-09-09 09:32:17', NULL);
INSERT INTO public.pat VALUES (14, 264, 3, 2, 17, '2025-09-09 09:32:17', NULL);
INSERT INTO public.pat VALUES (15, 265, 3, 3, 9, '2025-09-09 09:32:17', NULL);
INSERT INTO public.pat VALUES (16, 266, 3, 5, 9, '2025-09-09 09:32:17', NULL);
INSERT INTO public.pat VALUES (17, 267, 3, 5, 27, '2025-09-09 09:32:17', NULL);
INSERT INTO public.pat VALUES (18, 268, 3, 8, 28, '2025-09-09 09:32:17', NULL);
INSERT INTO public.pat VALUES (19, 269, 4, 15, 9, '2025-09-09 09:32:17', NULL);
INSERT INTO public.pat VALUES (20, 270, 4, 7, 9, '2025-09-09 09:32:17', NULL);
INSERT INTO public.pat VALUES (21, 271, 4, 7, 9, '2025-09-09 09:32:17', NULL);
INSERT INTO public.pat VALUES (22, 272, 4, 7, 9, '2025-09-09 09:32:17', NULL);
INSERT INTO public.pat VALUES (23, 273, 4, 4, 9, '2025-09-09 09:32:17', NULL);
INSERT INTO public.pat VALUES (24, 274, 4, 5, 9, '2025-09-09 09:32:17', NULL);
INSERT INTO public.pat VALUES (25, 275, 4, 5, 17, '2025-09-09 09:32:17', NULL);
INSERT INTO public.pat VALUES (26, 276, 4, 5, 9, '2025-09-09 09:32:17', NULL);
INSERT INTO public.pat VALUES (27, 277, 4, 5, 9, '2025-09-09 09:32:17', NULL);
INSERT INTO public.pat VALUES (28, 278, 4, 8, 24, '2025-09-09 09:32:17', NULL);
INSERT INTO public.pat VALUES (29, 279, 4, 8, 9, '2025-09-09 09:32:17', NULL);
INSERT INTO public.pat VALUES (30, 280, 4, 11, 9, '2025-09-09 09:32:17', NULL);
INSERT INTO public.pat VALUES (31, 281, 4, 17, 9, '2025-09-09 09:32:17', NULL);
INSERT INTO public.pat VALUES (32, 282, 5, 2, 16, '2025-09-09 09:32:17', NULL);
INSERT INTO public.pat VALUES (33, 283, 5, 2, 16, '2025-09-09 09:32:17', NULL);
INSERT INTO public.pat VALUES (34, 284, 5, 2, 9, '2025-09-09 09:32:17', NULL);
INSERT INTO public.pat VALUES (35, 285, 5, 9, 10, '2025-09-09 09:32:17', NULL);
INSERT INTO public.pat VALUES (36, 286, 5, 10, 3, '2025-09-09 09:32:17', NULL);
INSERT INTO public.pat VALUES (37, 287, 6, 3, 28, '2025-09-09 09:32:17', NULL);
INSERT INTO public.pat VALUES (38, 288, 6, 5, 24, '2025-09-09 09:32:17', NULL);
INSERT INTO public.pat VALUES (39, 289, 6, 11, 19, '2025-09-09 09:32:17', NULL);
INSERT INTO public.pat VALUES (40, 290, 7, 2, 1, '2025-09-09 09:32:17', NULL);
INSERT INTO public.pat VALUES (41, 291, 7, 6, 9, '2025-09-09 09:32:17', NULL);
INSERT INTO public.pat VALUES (42, 292, 7, 7, 6, '2025-09-09 09:32:17', NULL);
INSERT INTO public.pat VALUES (43, 293, 7, 5, 21, '2025-09-09 09:32:17', NULL);
INSERT INTO public.pat VALUES (44, 294, 7, 5, 26, '2025-09-09 09:32:17', NULL);
INSERT INTO public.pat VALUES (45, 295, 7, 5, 4, '2025-09-09 09:32:17', NULL);
INSERT INTO public.pat VALUES (46, 296, 7, 4, 11, '2025-09-09 09:32:17', NULL);
INSERT INTO public.pat VALUES (47, 297, 7, 5, 26, '2025-09-09 09:32:17', NULL);
INSERT INTO public.pat VALUES (48, 298, 7, 18, 8, '2025-09-09 09:32:17', NULL);
INSERT INTO public.pat VALUES (49, 299, 8, 7, 16, '2025-09-09 09:32:17', NULL);
INSERT INTO public.pat VALUES (50, 300, 8, 8, 13, '2025-09-09 09:32:17', NULL);
INSERT INTO public.pat VALUES (51, 301, 8, 18, 3, '2025-09-09 09:32:17', NULL);
INSERT INTO public.pat VALUES (52, 302, 8, 9, 10, '2025-09-09 09:32:17', NULL);
INSERT INTO public.pat VALUES (53, 303, 9, 2, 13, '2025-09-09 09:32:17', NULL);
INSERT INTO public.pat VALUES (54, 304, 9, 8, 16, '2025-09-09 09:32:17', NULL);
INSERT INTO public.pat VALUES (55, 305, 10, 2, 14, '2025-09-09 09:32:17', NULL);
INSERT INTO public.pat VALUES (56, 306, 10, 7, 14, '2025-09-09 09:32:17', NULL);
INSERT INTO public.pat VALUES (57, 307, 10, 3, 17, '2025-09-09 09:32:17', NULL);
INSERT INTO public.pat VALUES (58, 308, 10, 5, 14, '2025-09-09 09:32:17', NULL);
INSERT INTO public.pat VALUES (59, 309, 10, 8, 15, '2025-09-09 09:32:17', NULL);
INSERT INTO public.pat VALUES (60, 310, 11, 2, 16, '2025-09-09 09:32:17', NULL);
INSERT INTO public.pat VALUES (61, 311, 11, 2, 16, '2025-09-09 09:32:17', NULL);
INSERT INTO public.pat VALUES (62, 312, 11, 2, 16, '2025-09-09 09:32:17', NULL);
INSERT INTO public.pat VALUES (63, 313, 11, 15, 9, '2025-09-09 09:32:17', NULL);
INSERT INTO public.pat VALUES (64, 314, 11, 5, 28, '2025-09-09 09:32:17', NULL);
INSERT INTO public.pat VALUES (65, 315, 11, 5, 9, '2025-09-09 09:32:17', NULL);
INSERT INTO public.pat VALUES (66, 316, 11, 5, 16, '2025-09-09 09:32:17', NULL);
INSERT INTO public.pat VALUES (67, 317, 11, 18, 3, '2025-09-09 09:32:17', NULL);
INSERT INTO public.pat VALUES (68, 318, 11, 18, 8, '2025-09-09 09:32:17', NULL);
INSERT INTO public.pat VALUES (69, 319, 11, 18, 3, '2025-09-09 09:32:17', NULL);
INSERT INTO public.pat VALUES (70, 320, 12, 1, 9, '2025-09-09 09:32:17', NULL);
INSERT INTO public.pat VALUES (71, 321, 12, 5, 16, '2025-09-09 09:32:17', NULL);
INSERT INTO public.pat VALUES (72, 322, 12, 5, 16, '2025-09-09 09:32:17', NULL);
INSERT INTO public.pat VALUES (73, 323, 12, 18, 3, '2025-09-09 09:32:17', NULL);
INSERT INTO public.pat VALUES (74, 324, 12, 18, 10, '2025-09-09 09:32:17', NULL);
INSERT INTO public.pat VALUES (75, 325, 12, 11, 23, '2025-09-09 09:32:17', NULL);
INSERT INTO public.pat VALUES (76, 326, 13, 2, 16, '2025-09-09 09:32:17', NULL);
INSERT INTO public.pat VALUES (77, 327, 13, 2, 16, '2025-09-09 09:32:17', NULL);
INSERT INTO public.pat VALUES (78, 328, 13, 7, 9, '2025-09-09 09:32:17', NULL);
INSERT INTO public.pat VALUES (79, 329, 13, 3, 12, '2025-09-09 09:32:17', NULL);
INSERT INTO public.pat VALUES (80, 330, 13, 5, 7, '2025-09-09 09:32:17', NULL);
INSERT INTO public.pat VALUES (81, 331, 13, 5, 16, '2025-09-09 09:32:17', NULL);
INSERT INTO public.pat VALUES (82, 332, 13, 11, 10, '2025-09-09 09:32:17', NULL);
INSERT INTO public.pat VALUES (83, 333, 13, 16, 3, '2025-09-09 09:32:17', NULL);
INSERT INTO public.pat VALUES (84, 334, 14, 2, 13, '2025-09-09 09:32:17', NULL);
INSERT INTO public.pat VALUES (85, 335, 14, 3, 9, '2025-09-09 09:32:17', NULL);
INSERT INTO public.pat VALUES (86, 336, 14, 16, 3, '2025-09-09 09:32:17', NULL);
INSERT INTO public.pat VALUES (87, 337, 15, 5, 9, '2025-09-09 09:32:17', NULL);
INSERT INTO public.pat VALUES (88, 338, 15, 5, 16, '2025-09-09 09:32:17', NULL);
INSERT INTO public.pat VALUES (89, 339, 15, 5, 16, '2025-09-09 09:32:17', NULL);
INSERT INTO public.pat VALUES (90, 340, 15, 18, 3, '2025-09-09 09:32:17', NULL);
INSERT INTO public.pat VALUES (91, 341, 15, 14, 10, '2025-09-09 09:32:17', NULL);
INSERT INTO public.pat VALUES (92, 342, 16, 5, 17, '2025-09-09 09:32:17', NULL);
INSERT INTO public.pat VALUES (93, 343, 16, 5, 22, '2025-09-09 09:32:17', NULL);
INSERT INTO public.pat VALUES (94, 344, 16, 5, 22, '2025-09-09 09:32:17', NULL);
INSERT INTO public.pat VALUES (95, 345, 16, 4, 22, '2025-09-09 09:32:17', NULL);
INSERT INTO public.pat VALUES (96, 346, 16, 5, 23, '2025-09-09 09:32:17', NULL);
INSERT INTO public.pat VALUES (97, 347, 16, 8, 24, '2025-09-09 09:32:17', NULL);
INSERT INTO public.pat VALUES (98, 348, 16, 18, 3, '2025-09-09 09:32:17', NULL);
INSERT INTO public.pat VALUES (99, 349, 16, 18, 8, '2025-09-09 09:32:17', NULL);
INSERT INTO public.pat VALUES (100, 350, 16, 10, 23, '2025-09-09 09:32:17', NULL);
INSERT INTO public.pat VALUES (101, 351, 16, 11, 20, '2025-09-09 09:32:17', NULL);
INSERT INTO public.pat VALUES (102, 352, 16, 10, 22, '2025-09-09 09:32:17', NULL);
INSERT INTO public.pat VALUES (103, 353, 16, 10, 22, '2025-09-09 09:32:17', NULL);
INSERT INTO public.pat VALUES (104, 354, 16, 10, 22, '2025-09-09 09:32:17', NULL);
INSERT INTO public.pat VALUES (105, 355, 16, 10, 2, '2025-09-09 09:32:17', NULL);
INSERT INTO public.pat VALUES (106, 356, 16, 10, 22, '2025-09-09 09:32:17', NULL);
INSERT INTO public.pat VALUES (107, 357, 16, 10, 23, '2025-09-09 09:32:17', NULL);
INSERT INTO public.pat VALUES (108, 358, 16, 10, 23, '2025-09-09 09:32:17', NULL);
INSERT INTO public.pat VALUES (109, 359, 16, 10, 22, '2025-09-09 09:32:17', NULL);
INSERT INTO public.pat VALUES (110, 360, 16, 10, 22, '2025-09-09 09:32:17', NULL);
INSERT INTO public.pat VALUES (111, 361, 16, 10, 3, '2025-09-09 09:32:17', NULL);
INSERT INTO public.pat VALUES (112, 362, 16, 16, 5, '2025-09-09 09:32:17', NULL);
INSERT INTO public.pat VALUES (113, 363, 16, 12, 25, '2025-09-09 09:32:17', NULL);
INSERT INTO public.pat VALUES (114, 364, 16, 12, 22, '2025-09-09 09:32:17', NULL);
INSERT INTO public.pat VALUES (115, 365, 16, 13, 5, '2025-09-09 09:32:17', NULL);
INSERT INTO public.pat VALUES (116, 366, 16, 17, 23, '2025-09-09 09:32:17', NULL);
INSERT INTO public.pat VALUES (117, 367, 17, 2, 9, '2025-09-09 09:32:17', NULL);
INSERT INTO public.pat VALUES (118, 368, 17, 7, 16, '2025-09-09 09:32:17', NULL);
INSERT INTO public.pat VALUES (119, 369, 17, 3, 16, '2025-09-09 09:32:17', NULL);
INSERT INTO public.pat VALUES (120, 370, 17, 5, 9, '2025-09-09 09:32:17', NULL);
INSERT INTO public.pat VALUES (121, 371, 17, 5, 16, '2025-09-09 09:32:17', NULL);
INSERT INTO public.pat VALUES (122, 372, 17, 18, 3, '2025-09-09 09:32:17', NULL);
INSERT INTO public.pat VALUES (123, 373, 18, 5, 9, '2025-09-09 09:32:17', NULL);
INSERT INTO public.pat VALUES (124, 374, 18, 5, 16, '2025-09-09 09:32:17', NULL);
INSERT INTO public.pat VALUES (125, 375, 18, 11, 9, '2025-09-09 09:32:17', NULL);
INSERT INTO public.pat VALUES (126, 376, 18, 10, 8, '2025-09-09 09:32:17', NULL);
INSERT INTO public.pat VALUES (127, 377, 19, 2, 16, '2025-09-09 09:32:17', NULL);
INSERT INTO public.pat VALUES (128, 378, 19, 7, 16, '2025-09-09 09:32:17', NULL);
INSERT INTO public.pat VALUES (129, 379, 19, 10, 3, '2025-09-09 09:32:17', NULL);


--
-- Data for Name: personne; Type: TABLE DATA; Schema: public; Owner: admin
--

INSERT INTO public.personne VALUES (5, 'RABEHARISOA', 'rabearisoaolivier@gmail.com', '0387711016', 'Olivier', '2025-09-06 15:47:02', NULL, NULL);
INSERT INTO public.personne VALUES (6, 'RAKOTONANAHARY', 'tahirintsoa4hasina@gmail.com', '0341001646', 'Jacquis Hasina Tahirintsoa', '2025-09-06 15:47:02', NULL, NULL);
INSERT INTO public.personne VALUES (7, 'RAKOTONANAHARY', 'mbolatiana.rakotonanahary@univ-antananarivo.mg', '0343614661', 'Mbolatiana', '2025-09-06 15:47:02', NULL, NULL);
INSERT INTO public.personne VALUES (9, 'FIDINARIVO', 'toma.fidinarivo@univ-antananarivo.mg', '0381867375', 'Thomas', '2025-09-06 15:47:02', NULL, NULL);
INSERT INTO public.personne VALUES (10, 'RAKOTOMAVO', 'rakotomavotantelinirina2@gmail.com', '0341053582', 'Tantelinirina', '2025-09-06 15:47:02', NULL, NULL);
INSERT INTO public.personne VALUES (8, 'RATSIMBARISON', NULL, '0344697690', 'Rivoson', '2025-09-06 15:47:02', NULL, NULL);
INSERT INTO public.personne VALUES (26, 'ANDRIANARIMISA', 'aristide.andrianarimisa@univ-antananarivo.mg', NULL, 'Aristide', '2025-09-08 10:31:48', NULL, NULL);
INSERT INTO public.personne VALUES (27, 'ANDRIANTSOA', 'esther.andriantsoa@univ-antananarivo.mg', NULL, 'Nirifenohanitra Esther', '2025-09-08 10:31:48', NULL, NULL);
INSERT INTO public.personne VALUES (28, 'HARISON', 'victor.harison@univ-antananarivo.mg', NULL, 'Victor Andrianaivo', '2025-09-08 10:31:48', NULL, NULL);
INSERT INTO public.personne VALUES (29, 'RABESIAKA', 'hanitrala.rabesiaka@univ-antananarivo.mg', NULL, 'Mihasina Hanitr''Ala Jean', '2025-09-08 10:31:48', NULL, NULL);
INSERT INTO public.personne VALUES (30, 'RABESIRANANA', 'naivo.rabesiranana@univ-antananarivo.mg', NULL, 'Naivo', '2025-09-08 10:31:48', NULL, NULL);
INSERT INTO public.personne VALUES (31, 'RABOANARY', 'roland.raboanary@univ-antananarivo.mg', NULL, 'Rolland', '2025-09-08 10:31:48', NULL, NULL);
INSERT INTO public.personne VALUES (32, 'RAFARASOA', 'lala.rafarasoa@univ-antananarivo.mg', NULL, 'Lala Sahondra ép. ANDRIANANTENAINA', '2025-09-08 10:31:48', NULL, NULL);
INSERT INTO public.personne VALUES (33, 'RAHARIMALALA', NULL, NULL, 'Laurence Eliane', '2025-09-08 10:31:48', NULL, NULL);
INSERT INTO public.personne VALUES (34, 'RAHERIMANDIMBY', 'marson.raherimandimby@univ-antananarivo.mg', NULL, 'Marson', '2025-09-08 10:31:48', NULL, NULL);
INSERT INTO public.personne VALUES (35, 'RAJOELINA', 'michel.rajoelina@univ-antananarivo.mg', NULL, 'Michel Martin', '2025-09-08 10:31:48', NULL, NULL);
INSERT INTO public.personne VALUES (36, 'RAKOTOARIMANANA', 'vonjison.rakotoarimanana@univ-antananarivo.mg', NULL, 'Vonjison', '2025-09-08 10:31:48', NULL, NULL);
INSERT INTO public.personne VALUES (37, 'RAKOTOARIMANGA', 'jv.rakotoarimanga@univ-antananarivo.mg', NULL, 'Jeannot Victor', '2025-09-08 10:31:48', NULL, NULL);
INSERT INTO public.personne VALUES (38, 'RAKOTOMALALA', 'minoson2002@yahoo.fr', NULL, 'Minoson Sendrahasina', '2025-09-08 10:31:48', NULL, NULL);
INSERT INTO public.personne VALUES (39, 'RAKOTOMALALA', 'hasinanirina.randrianaly@univ-antananarivo.mg', NULL, 'née RANDRIANALY Hasina Nirina', '2025-09-08 10:31:48', NULL, NULL);
INSERT INTO public.personne VALUES (40, 'RAKOTOMANANA', 'hajanirina.rakotomanana@univ-antananarivo.mg', NULL, 'Hajanirina Fanomezantsoa', '2025-09-08 10:31:48', NULL, NULL);
INSERT INTO public.personne VALUES (41, 'RAKOTONDRAMIARANA', 'herytiana.rakotondramiarana@univ-antananarivo.mg', NULL, 'Hery Tiana', '2025-09-08 10:31:48', NULL, NULL);
INSERT INTO public.personne VALUES (42, 'RAKOTONIAINA', 'solofoarisoa.rakotoniaina@univ-antananarivo.mg', NULL, 'Solofoarisoa', '2025-09-08 10:31:48', NULL, NULL);
INSERT INTO public.personne VALUES (43, 'RAMANAMPAMONJY', 'nivohanintsoa.ramanampamonjy@univ-antananarivo.mg', NULL, 'née RAVONIARISON Nivohanintsoa', '2025-09-08 10:31:48', NULL, NULL);
INSERT INTO public.personne VALUES (44, 'RAMANANDRAIBE', 'voahangy.vestalys@univ-antananarivo.mg', NULL, 'Voahangy', '2025-09-08 10:31:48', NULL, NULL);
INSERT INTO public.personne VALUES (45, 'RAMASIARINORO', 'voahanginirina.ramasiarinoro@univ-antananarivo.mg', NULL, 'Voahanginirina Jeanine', '2025-09-08 10:31:48', NULL, NULL);
INSERT INTO public.personne VALUES (46, 'RANDRIAMANANTANY', 'zely.randriamanantany@univ-antananarivo.mg', NULL, 'Zely Arivelo', '2025-09-08 10:31:48', NULL, NULL);
INSERT INTO public.personne VALUES (47, 'RANDRIANARIVO', 'ranjana.randrianarivo@univ-antananarivo.mg', NULL, 'Hanitra Ranjàna', '2025-09-08 10:31:48', NULL, NULL);
INSERT INTO public.personne VALUES (48, 'RANDRIANARIVONY', 'arthur.randrianarivony@gmail.com', NULL, 'Arthur', '2025-09-08 10:31:48', NULL, NULL);
INSERT INTO public.personne VALUES (49, 'RANDRIANASOLO', 'rivoarison.randrianasolo@univ-antananarivo.mg', NULL, 'Rivoarison', '2025-09-08 10:31:48', NULL, NULL);
INSERT INTO public.personne VALUES (51, 'RANOROMALALA', 'aurore-doll.rakoto@univ-antananarivo.mg', NULL, 'Danielle Aurore Doll', '2025-09-08 10:31:48', NULL, NULL);
INSERT INTO public.personne VALUES (52, 'RASELIMANANA', 'achille.raselimanana@univ-antananarivo.mg', NULL, 'Achille Philippe', '2025-09-08 10:31:48', NULL, NULL);
INSERT INTO public.personne VALUES (53, 'RASOANAIVO', 'lea.rasoanaivo@univ-antananarivo.mg', NULL, 'Herilala Léa', '2025-09-08 10:31:48', NULL, NULL);
INSERT INTO public.personne VALUES (54, 'RAVAOMANARIVO', 'lala.ravaomanarivo@univ-antananarivo.mg', NULL, 'Lala Harivelo', '2025-09-08 10:31:48', NULL, NULL);
INSERT INTO public.personne VALUES (55, 'RAVELONANDRO', 'phravelona@yahoo.com', NULL, 'Pierre Hervé', '2025-09-08 10:31:48', NULL, NULL);
INSERT INTO public.personne VALUES (56, 'RAVELONIRINA', 'hanitriniaina.ravelonirina@univ-antananarivo.mg', NULL, 'Hanitriniaina Sammy Grégoire', '2025-09-08 10:31:48', NULL, NULL);
INSERT INTO public.personne VALUES (57, 'RAZAFIMBELO', 'rachel.razafimbelo@univ-antananarivo.mg', NULL, 'Marie Rachel', '2025-09-08 10:31:48', NULL, NULL);
INSERT INTO public.personne VALUES (58, 'SPIRAL', 'germain.spiral@univ-antananarivo.mg', NULL, 'Germain Jules', '2025-09-08 10:31:48', NULL, NULL);
INSERT INTO public.personne VALUES (59, 'ANDRIAMBININTSOA RANAIVOSON', 'tojonirina.andriambinintsoa@univ-antananarivo.mg', NULL, 'Tojonirina', '2025-09-08 10:31:48', NULL, NULL);
INSERT INTO public.personne VALUES (60, 'HANITRIARIVO', 'rakotoson.hanitriarivo@univ-antananarivo.mg', NULL, 'Rakotoson', '2025-09-08 10:31:48', NULL, NULL);
INSERT INTO public.personne VALUES (62, 'RABETAFIKA', 'lydia.rabetafika@univ-antananarivo.mg', NULL, 'née RAVONISOARIMALALA Lydia Laurence', '2025-09-08 10:31:48', NULL, NULL);
INSERT INTO public.personne VALUES (63, 'RAKOTO', 'heritiana.rakoto@univ-antananarivo.mg', NULL, 'Heritiana Andriamananjara', '2025-09-08 10:31:48', NULL, NULL);
INSERT INTO public.personne VALUES (65, 'RAKOTONDRAJAO', 'fanja.rakotondrajao@univ-antananarivo.mg', NULL, 'Fanja Rondro Tiana', '2025-09-08 10:31:48', NULL, NULL);
INSERT INTO public.personne VALUES (66, 'RAKOTONDRAMANANA', 'hery-tiana.rakotondramanana@univ-antananarivo.mg', NULL, 'Hery Tiana', '2025-09-08 10:31:48', NULL, NULL);
INSERT INTO public.personne VALUES (67, 'RANDRIAMBOLOLONDRANTOMALALA', 'princy.randriambololondrantomalala@univ-antananarivo.mg', NULL, 'Princy', '2025-09-08 10:31:48', NULL, NULL);
INSERT INTO public.personne VALUES (68, 'RASAMIRAVAKA', 'tsiry.rasamiravaka@univ-antananarivo.mg', NULL, 'Tsiry', '2025-09-08 10:31:48', NULL, NULL);
INSERT INTO public.personne VALUES (15, 'RAZAKARIVONY', 'andrianambinina.razakarivony@univ-antananarivo.mg', NULL, 'Andriamarolahy Andrianambinina', '2025-09-06 16:24:03', NULL, NULL);
INSERT INTO public.personne VALUES (20, 'ANDRIAMIADAMANANA', 'christian.andriamiadamanana@univ-antananarivo.mg', NULL, 'Mavintana Dangerfield Christian', '2025-09-06 16:24:03', NULL, NULL);
INSERT INTO public.personne VALUES (14, 'RAKOTONIMANANA', 'rivoniaina.rakotonimanana@univ-antananarivo.mg', NULL, 'Rivoniaina Michel Jese', '2025-09-06 16:24:03', NULL, NULL);
INSERT INTO public.personne VALUES (69, 'RASOLOFONIRINA', 'mamiseheno.rasolofonirina@univ-antananarivo.mg', NULL, 'Mamiseheno', '2025-09-08 10:31:48', NULL, NULL);
INSERT INTO public.personne VALUES (71, 'RAVELOMANANTSOA', 'solofonirina.ravelomanantsoa@univ-antananarivo.mg', NULL, 'Solofonirina Dieudonné', '2025-09-08 10:31:48', NULL, NULL);
INSERT INTO public.personne VALUES (72, 'TSIRINIRINDRAVO', 'herisetra.tsirinirindravo@univ-antananarivo.mg', NULL, 'Herisetra Lalaina', '2025-09-08 10:31:48', NULL, NULL);
INSERT INTO public.personne VALUES (73, 'ANDRIAMALALA', 'solofoniaina_g.andriamalala@univ-antananarivo.mg', NULL, 'Solofoniaina Gabriel', '2025-09-08 10:31:48', NULL, NULL);
INSERT INTO public.personne VALUES (74, 'ANDRIAMALAZA', 'sahondralaza@univ-antananarivo.mg', NULL, 'Sahondra', '2025-09-08 10:31:48', NULL, NULL);
INSERT INTO public.personne VALUES (75, 'ANDRIAMAMONJY', 'alfred.andriamamonjy@univ-antananarivo.mg', NULL, 'Solofomampiely Alfred', '2025-09-08 10:31:48', NULL, NULL);
INSERT INTO public.personne VALUES (19, 'ANDRIAMAMPIANINA', 'tianarilalaina.andriamampianina@univ-antananarivo.mg', NULL, 'Tianarilalaina Tantely', '2025-09-06 16:24:03', NULL, NULL);
INSERT INTO public.personne VALUES (77, 'ANDRIAMAMPIONONA', 'livasoa.andriamampionona@univ-antananarivo.mg', NULL, 'Livasoa', '2025-09-08 10:31:48', NULL, NULL);
INSERT INTO public.personne VALUES (61, 'RABEHARISOA', 'jeanmarc.rabeharisoa@univ-antananarivo.mg', NULL, 'Jean Marc', '2025-09-08 10:31:48', NULL, NULL);
INSERT INTO public.personne VALUES (78, 'ANDRIAMANAMISATA', 'valerielalao.razafindratovo@univ-antananarivo.mg', NULL, 'née RAZAFINDRATOVO Valérie Lalao', '2025-09-08 10:31:48', NULL, NULL);
INSERT INTO public.personne VALUES (79, 'ANDRIAMARONDRANTO', 'ranaivo.andriamarondranto@univ-antananarivo.mg', NULL, 'Ranaivo Jean Victor', '2025-09-08 10:31:48', NULL, NULL);
INSERT INTO public.personne VALUES (23, 'ANDRIAMAROZAKANIAINA', 'tahiry.andriamarozakaniaina@univ-antananarivo.mg', NULL, 'Tahiry Zaka Filamatra', '2025-09-06 16:24:03', NULL, NULL);
INSERT INTO public.personne VALUES (81, 'ANDRIAMBAHOAKA', 'zedidia.andriambahoaka@univ-antananarivo.mg', NULL, 'Zedidia', '2025-09-08 10:31:48', NULL, NULL);
INSERT INTO public.personne VALUES (83, 'ANDRIAMIFIDISOA', 'ramamonjy.andriamifidisoa@univ-antananarivo.mg', NULL, 'Ramamonjy', '2025-09-08 10:31:48', NULL, NULL);
INSERT INTO public.personne VALUES (84, 'ANDRIAMPANARIVO', 'haingo.andriampanarivo@univ-antananarivo.mg', NULL, 'Haingo Laza Herinandrasana', '2025-09-08 10:31:48', NULL, NULL);
INSERT INTO public.personne VALUES (86, 'ANDRIANARANJANAKA', 'voahangy.andrianaranjaka@univ-antananarivo.mg', NULL, 'Voahangy Hanitriniaina Isabelle', '2025-09-08 10:31:48', NULL, NULL);
INSERT INTO public.personne VALUES (87, 'ANDRIATAHINY', 'harinaivo.andriatahiny@univ-antananarivo.mg', NULL, 'Harinaivo', '2025-09-08 10:31:48', NULL, NULL);
INSERT INTO public.personne VALUES (88, 'FALINIAINA', 'lucien.faliniaina@univ-antananarivo.mg', NULL, 'Lucien', '2025-09-08 10:31:48', NULL, NULL);
INSERT INTO public.personne VALUES (89, 'GARO JOELSON', 'sebille.garo@univ-antananarivo.mg', NULL, 'Sebille', '2025-09-08 10:31:48', NULL, NULL);
INSERT INTO public.personne VALUES (90, 'HARIMALALA ANDRIAMBELO', 'nirina.harimalala@univ-antananarivo.mg', NULL, 'Nirina', '2025-09-08 10:31:48', NULL, NULL);
INSERT INTO public.personne VALUES (91, 'HERIARIVONY', 'sheriarivony.cl@gmail.com', NULL, 'Soanirina Claudeline', '2025-09-08 10:31:48', NULL, NULL);
INSERT INTO public.personne VALUES (17, 'LALAHARISON', 'hanjarivo.lalaharison@univ-antananarivo.mg', NULL, 'Hanjarivo', '2025-09-06 16:24:03', NULL, NULL);
INSERT INTO public.personne VALUES (93, 'LANTOVOLOLONA', 'jeanne.lantovololona@univ-antananarivo.mg', NULL, 'Jeanne Eliane Roger', '2025-09-08 10:31:48', NULL, NULL);
INSERT INTO public.personne VALUES (94, 'MADISON RAZANATSEHENO', 'madisonraza@univ-antananarivo.mg', NULL, 'Marie Olga', '2025-09-08 10:31:48', NULL, NULL);
INSERT INTO public.personne VALUES (95, 'MANAGNEO', 'maxlubin.managneo@univ-antananarivo.mg', NULL, 'Max Lubin', '2025-09-08 10:31:48', NULL, NULL);
INSERT INTO public.personne VALUES (96, 'NDRIANAIVO', 'nnjara@univ-antananarivo.mg', NULL, 'Elia Njara', '2025-09-08 10:31:48', NULL, NULL);
INSERT INTO public.personne VALUES (97, 'OLIARINONY', 'ranalison.oliarinony@univ-antananarivo.mg', NULL, 'Ranalison', '2025-09-08 10:31:48', NULL, NULL);
INSERT INTO public.personne VALUES (98, 'RABARISON', 'prabarison@gmail.com', NULL, 'Fanomezantsoa Patrick', '2025-09-08 10:31:48', NULL, NULL);
INSERT INTO public.personne VALUES (99, 'RABARISON', 'harison.rabarison@univ-antananarivo.mg', NULL, 'Harison', '2025-09-08 10:31:48', NULL, NULL);
INSERT INTO public.personne VALUES (100, 'RABEFIHAVANANA', 'luc.rabefihavanana@univ-antananarivo.mg', NULL, 'Fanomezana Zanahary Tsaratanisoa Luc', '2025-09-08 10:31:48', NULL, NULL);
INSERT INTO public.personne VALUES (101, 'RABEMANANJARA', 'andry.rabemananjara@univ-antananarivo.mg', NULL, 'Andry Christian', '2025-09-08 10:31:48', NULL, NULL);
INSERT INTO public.personne VALUES (102, 'RABEMANANJARA', 'patrice.rabemananjara@univ-antananarivo.mg', NULL, 'Patrice', '2025-09-08 10:31:48', NULL, NULL);
INSERT INTO public.personne VALUES (103, 'RABENDRINA', 'antoine.rabendrina@univ-antananarivo.mg', NULL, 'Antoine', '2025-09-08 10:31:48', NULL, NULL);
INSERT INTO public.personne VALUES (105, 'RAFANJANIRINA', 'eulalie.rafanjanirina@univ-antananarivo.mg', NULL, 'Eulalie Odilette', '2025-09-08 10:31:48', NULL, NULL);
INSERT INTO public.personne VALUES (106, 'RAFIDISON', 'verohanitra.rafidison@univ-antananarivo.mg', NULL, 'Verohanitra Miarivelomalala', '2025-09-08 10:31:48', NULL, NULL);
INSERT INTO public.personne VALUES (107, 'RAHANITRARIVONY', 'veronirina.rahanitrarivony@univ-antananarivo.mg', NULL, 'Veronirina', '2025-09-08 10:31:48', NULL, NULL);
INSERT INTO public.personne VALUES (108, 'RAHANTARISOA', 'lydia.rahantarisoa@univ-antananarivo.mg', NULL, 'Lydia Jeanne', '2025-09-08 10:31:48', NULL, NULL);
INSERT INTO public.personne VALUES (109, 'RAHARINIRINA', 'domohina.raharinirina@univ-antananarivo.mg', NULL, 'Domohina', '2025-09-08 10:31:48', NULL, NULL);
INSERT INTO public.personne VALUES (110, 'RAHARIVOLOLONA', 'brigitte.raharivololona@univ-antananarivo.mg', NULL, 'Brigitte Marie', '2025-09-08 10:31:48', NULL, NULL);
INSERT INTO public.personne VALUES (111, 'RAHERILALAO', 'jeanne.raherilalao@univ-antananarivo.mg', NULL, 'Marie Jeanne', '2025-09-08 10:31:48', NULL, NULL);
INSERT INTO public.personne VALUES (112, 'RAHOBISOA', 'jacques.rahobisoa@univ-antananarivo.mg', NULL, 'Jean Jacques', '2025-09-08 10:31:48', NULL, NULL);
INSERT INTO public.personne VALUES (113, 'RAJAOARISOA', 'andriamanjato.rajaoarisoa@univ-antananarivo.mg', NULL, 'Andriamanjato', '2025-09-08 10:31:48', NULL, NULL);
INSERT INTO public.personne VALUES (114, 'RAJAONA RAFIHAVANANA', 'andrianaivoravelona.rajaona@univ-antananarivo.mg', NULL, 'Andrianaivoravelona', '2025-09-08 10:31:48', NULL, NULL);
INSERT INTO public.personne VALUES (115, 'RAKOTO', 'jean_jolly.rakoto@univ-antananarivo.mg', NULL, 'Jean Jolly', '2025-09-08 10:31:48', NULL, NULL);
INSERT INTO public.personne VALUES (116, 'RAKOTO JOSEPH ONIMIHAMINA', 'onimihamina.rakoto@univ-antananarivo.mg', NULL, 'Ravaosolo  Harivelo', '2025-09-08 10:31:48', NULL, NULL);
INSERT INTO public.personne VALUES (117, 'RAKOTO', 'nelly.rakoto@univ-antananarivo.mg', NULL, 'Nelly Ghislaine', '2025-09-08 10:31:48', NULL, NULL);
INSERT INTO public.personne VALUES (118, 'RAKOTOAMBOA', 'jean_louis.rakotoamboa@univ-antananarivo.mg', NULL, 'Jean Louis', '2025-09-08 10:31:48', NULL, NULL);
INSERT INTO public.personne VALUES (119, 'RAKOTOARIMANANA', 'graffin.rakotoarimanana@univ-antananarivo.mg', NULL, 'Liva  Graffin', '2025-09-08 10:31:48', NULL, NULL);
INSERT INTO public.personne VALUES (121, 'RAKOTOARISON', 'olivier.rakotoarison@univ-antananarivo.mg', NULL, 'Olivier', '2025-09-08 10:31:48', NULL, NULL);
INSERT INTO public.personne VALUES (122, 'RAKOTOARISON', 'solohery.rakotoarison@univ-antananarivo.mg', NULL, 'Solohery Hajanirina', '2025-09-08 10:31:48', NULL, NULL);
INSERT INTO public.personne VALUES (123, 'RAKOTOMALALA', 'jeanyves.rakotomalala@univ-antananarivo.mg', NULL, 'Jean Yves', '2025-09-08 10:31:48', NULL, NULL);
INSERT INTO public.personne VALUES (124, 'RAKOTOMALALA', 'harimisa.rakotomalala@univ-antananarivo.mg', NULL, 'née RAVAOMANARIVO Harimisa', '2025-09-08 10:31:48', NULL, NULL);
INSERT INTO public.personne VALUES (125, 'RAKOTOMALALA', 'zafimahery.rakotomalala@univ-antananarivo.mg', NULL, 'Zafimahery', '2025-09-08 10:31:48', NULL, NULL);
INSERT INTO public.personne VALUES (126, 'RAKOTONASY', 'solonjaka.rakotonasy@univ-antananarivo.mg', NULL, 'Solonjaka Hiarintsoa', '2025-09-08 10:31:48', NULL, NULL);
INSERT INTO public.personne VALUES (127, 'RAKOTONDRALAMBO', 'joseph.rakotondralambo@univ-antananarivo.mg', NULL, 'Joseph', '2025-09-08 10:31:48', NULL, NULL);
INSERT INTO public.personne VALUES (128, 'RAKOTONDRAMANGA', 'maonja.rakotondramanga@univ-antananarivo.mg', NULL, 'Maonja Finaritra Sitrakiniavo', '2025-09-08 10:31:48', NULL, NULL);
INSERT INTO public.personne VALUES (129, 'RAKOTONDRAMASY', 'lovasoa.rakotondramasy@univ-antananarivo.mg', NULL, 'Lovasoa Nandrandraina', '2025-09-08 10:31:48', NULL, NULL);
INSERT INTO public.personne VALUES (130, 'RAKOTONDRAPARANY', 'felix.rakotondraparany@univ-antananarivo.mg', NULL, 'Félix', '2025-09-08 10:31:48', NULL, NULL);
INSERT INTO public.personne VALUES (131, 'RAKOTONDRAZAFY', 'jennie.rakotondrazafy@univ-antananarivo.mg', NULL, 'Jennie Irma Norosoa', '2025-09-08 10:31:48', NULL, NULL);
INSERT INTO public.personne VALUES (132, 'RAKOTONDRAZAFY', 'toussaint.rakotondrazafy@univ-antananarivo.mg', NULL, 'Toussaint', '2025-09-08 10:31:48', NULL, NULL);
INSERT INTO public.personne VALUES (21, 'RAKOTOSAMIZANANY', 'saholyrakoto@univ-antananarivo.mg', NULL, 'Saholy', '2025-09-06 16:24:03', NULL, NULL);
INSERT INTO public.personne VALUES (2, 'RAKOTOVAO', 'niry.rakotovao@univ-antananarivo.mg', '0341015151', 'Niry Arinavalona', '2025-09-06 15:47:02', NULL, NULL);
INSERT INTO public.personne VALUES (137, 'RALAIARISOA', 'haritiana.ralaiarisoa@univ-antananarivo.mg', NULL, 'Haritiana Luciette', '2025-09-08 10:31:48', NULL, NULL);
INSERT INTO public.personne VALUES (138, 'RALAMBO', 'alain.ralambo@univ-antananarivo.mg', NULL, 'Alain Narcisse', '2025-09-08 10:31:48', NULL, NULL);
INSERT INTO public.personne VALUES (139, 'RALAMBOMANANA', 'dimbyandrianina.ralambomanana@univ-antananarivo.mg', NULL, 'Dimby Andrianina', '2025-09-08 10:31:48', NULL, NULL);
INSERT INTO public.personne VALUES (140, 'RAMAHANDRISOA', 'tsirilalaina.ramahandrisoa@univ-antananarivo.mg', NULL, 'Tsirilalaina', '2025-09-08 10:31:48', NULL, NULL);
INSERT INTO public.personne VALUES (141, 'RAMAHAZOSOA', 'irrish.ramahazosoa@univ-antananarivo.mg', NULL, 'Irrish Parker', '2025-09-08 10:31:48', NULL, NULL);
INSERT INTO public.personne VALUES (142, 'RAMAMONJISOA', 'armand.ramamonjisoa@gmail.com', NULL, 'Armand', '2025-09-08 10:31:48', NULL, NULL);
INSERT INTO public.personne VALUES (143, 'RAMANANTSOA', 'ravo.ramanantsoa@univ-antananarivo.mg', NULL, 'Ravo Parany Gabriel', '2025-09-08 10:31:48', NULL, NULL);
INSERT INTO public.personne VALUES (144, 'RAMAROMILANTO', 'borome.ramaromilanto@univ-antananarivo.mg', NULL, 'Boromé', '2025-09-08 10:31:48', NULL, NULL);
INSERT INTO public.personne VALUES (145, 'RAMAROSANDRATANA', 'arovonjy.ramarosandratana@univ-antananarivo.mg', NULL, 'Ndriana Aro Vonjy Honoré', '2025-09-08 10:31:48', NULL, NULL);
INSERT INTO public.personne VALUES (146, 'RAMAROSON', 'roseline.ramaroson@univ-antananarivo.mg', NULL, 'Roseline Vololoniaina', '2025-09-08 10:31:48', NULL, NULL);
INSERT INTO public.personne VALUES (147, 'RAMAROSON', 'voahirana.ramaroson@univ-antananarivo.mg', NULL, 'Voahirana', '2025-09-08 10:31:48', NULL, NULL);
INSERT INTO public.personne VALUES (148, 'RAMAROTAFIKA', 'hery.ramarotafika@univ-antananarivo.mg', NULL, 'Hery Andriatsitohaina', '2025-09-08 10:31:48', NULL, NULL);
INSERT INTO public.personne VALUES (149, 'RAMAROVELO', 'lydia_maria.ramarovelo@univ-antananarivo.mg', NULL, 'Lydia Maria', '2025-09-08 10:31:48', NULL, NULL);
INSERT INTO public.personne VALUES (24, 'RAMIANDRISOA', 'njara.ramiandrisoa@univ-antananarivo.mg', NULL, 'Njararivelo Louisa', '2025-09-06 16:24:03', NULL, NULL);
INSERT INTO public.personne VALUES (151, 'RANAIVOARISOA', 'jean_freddy.ranaivoarisoa@univ-antananarivo.mg', NULL, 'Jean Freddy', '2025-09-08 10:31:48', NULL, NULL);
INSERT INTO public.personne VALUES (152, 'RANAIVOSOA', 'rnvoaj@univ-antananarivo.mg', NULL, 'Voajanahary', '2025-09-08 10:31:48', NULL, NULL);
INSERT INTO public.personne VALUES (153, 'RANAIVOSOLO', 'ravomiarana.ranaivosolo@univ-antananarivo.mg', NULL, 'Ravomiarana Andrianaivo', '2025-09-08 10:31:48', NULL, NULL);
INSERT INTO public.personne VALUES (154, 'RANDRIAMAHALEO', 'fanilo.randriamahaleo@univ-antananarivo.mg', NULL, 'Fanilo Rajaofetra', '2025-09-08 10:31:48', NULL, NULL);
INSERT INTO public.personne VALUES (155, 'RANDRIAMALALA', 'rrandriamalala@basetoliara.mg', NULL, 'Réné Paul', '2025-09-08 10:31:48', NULL, NULL);
INSERT INTO public.personne VALUES (156, 'RANDRIAMAMPANDRY', 'soloherymampionona@gmail.com', NULL, 'Solohery Mampionona', '2025-09-08 10:31:48', NULL, NULL);
INSERT INTO public.personne VALUES (158, 'RANDRIANALIMANGA', 'nombana.raharivelo@univ-antananarivo.mg', NULL, 'née RAHARIVELO Nombana', '2025-09-08 10:31:48', NULL, NULL);
INSERT INTO public.personne VALUES (159, 'RANDRIANANDRAINA', 'hery_zo.randrianandraina@univ-antananarivo.mg', NULL, 'Hery Zo', '2025-09-08 10:31:48', NULL, NULL);
INSERT INTO public.personne VALUES (160, 'RANDRIANANTOANDRO', 'tahina.randrianantoandro@univ-antananarivo.mg', NULL, 'Tahina Lalaina', '2025-09-08 10:31:48', NULL, NULL);
INSERT INTO public.personne VALUES (163, 'RANIVO', NULL, NULL, 'Julie Christie', '2025-09-08 10:31:48', NULL, NULL);
INSERT INTO public.personne VALUES (164, 'RAOBIARIMIADANA', 'ando_lalaniaina.randrianierenana@univ-antananarivo.mg', NULL, 'Ando Lalaniaina', '2025-09-08 10:31:48', NULL, NULL);
INSERT INTO public.personne VALUES (165, 'RASOAMALALA', 'vololonirina.rasoamalala@univ-antananarivo.mg', NULL, 'Vololonirina', '2025-09-08 10:31:48', NULL, NULL);
INSERT INTO public.personne VALUES (166, 'RASOAZANANY', 'elise.rasoazanany@univ-antananarivo.mg', NULL, 'Elise Octavie', '2025-09-08 10:31:48', NULL, NULL);
INSERT INTO public.personne VALUES (167, 'RASOLOARIJAONA', 'mamy.rasoloarijaona@univ-antananarivo.mg', NULL, 'Mamy Nirina', '2025-09-08 10:31:48', NULL, NULL);
INSERT INTO public.personne VALUES (168, 'RASOLOARIVONY', 'rodolphe.rasoloarivony@univ-antananarivo.mg', NULL, 'Rodolphe', '2025-09-08 10:31:48', NULL, NULL);
INSERT INTO public.personne VALUES (170, 'RASOLONJATOVO ANDRIAMIHAMINA', NULL, NULL, 'Harisoa Danielle', '2025-09-08 10:31:48', NULL, NULL);
INSERT INTO public.personne VALUES (171, 'RATOVONJANAHARY', 'franck.ratovonjanahary@univ-antananarivo.mg', NULL, 'Andriamihantasolonirina Justinien Frank', '2025-09-08 10:31:48', NULL, NULL);
INSERT INTO public.personne VALUES (172, 'RATRIMO', 'voahangy.rambolamanana@univ-antananarivo.mg', NULL, 'Voahangy', '2025-09-08 10:31:48', NULL, NULL);
INSERT INTO public.personne VALUES (173, 'RATSIMBA', 'angela.ratsimba@univ-antananarivo.mg', NULL, 'Angela Irène', '2025-09-08 10:31:48', NULL, NULL);
INSERT INTO public.personne VALUES (174, 'RATSIMIEBO', NULL, NULL, 'Maholy Pricille', '2025-09-08 10:31:48', NULL, NULL);
INSERT INTO public.personne VALUES (22, 'RATSOAVINA', 'fano.ratsoavina@univ-antananarivo.mg', NULL, 'Fanomezana Mihaja', '2025-09-06 16:24:03', NULL, NULL);
INSERT INTO public.personne VALUES (176, 'RAVAOARISOA', 'elisabeth.ravaoarisoa@univ-antananarivo.mg', NULL, 'Elisabeth', '2025-09-08 10:31:48', NULL, NULL);
INSERT INTO public.personne VALUES (177, 'RAVELOMANANA', 'andrianjaka.ravelomanana@univ-antananarivo.mg', NULL, 'Andrianjaka', '2025-09-08 10:31:48', NULL, NULL);
INSERT INTO public.personne VALUES (178, 'RAZAFIARIMANGA', 'zara.razafiarimanga@univ-antananarivo.mg', NULL, 'Zara Nomentsoa', '2025-09-08 10:31:48', NULL, NULL);
INSERT INTO public.personne VALUES (179, 'RAZAFIARISON', 'zolalaina.razafiarison@univ-antananarivo.mg', NULL, 'Zo Lalaina', '2025-09-08 10:31:48', NULL, NULL);
INSERT INTO public.personne VALUES (180, 'RAZAFIMAHATRATRA', 'andrianaivo.razafimahatratra@univ-antananarivo.mg', NULL, 'Andrianaivo Dominique', '2025-09-08 10:31:48', NULL, NULL);
INSERT INTO public.personne VALUES (181, 'RAZAFIMAMONJY', 'nivoalisoa.razafimamonjy@univ-antananarivo.mg', NULL, 'Nivo Alisoa Nirina', '2025-09-08 10:31:48', NULL, NULL);
INSERT INTO public.personne VALUES (182, 'RAZAFIMANANTSOA', 'gerard.razafimanantsoa@univ-antananarivo.mg', NULL, 'Gérard', '2025-09-08 10:31:48', NULL, NULL);
INSERT INTO public.personne VALUES (183, 'RAZAFINDRAIBE', 'hanta.razafindraibe@univ-antananarivo.mg', NULL, 'Hanta Nirina', '2025-09-08 10:31:48', NULL, NULL);
INSERT INTO public.personne VALUES (184, 'RAZAFINDRALEVA', 'herisolo.razafindraleva@univ-antananarivo.mg', NULL, 'Herisolo Andrianiaina', '2025-09-08 10:31:48', NULL, NULL);
INSERT INTO public.personne VALUES (185, 'RAZAFINDRAMAHATSIARO', 'christalin@univ-antananarivo.mg', NULL, 'Tovondrainy Christalin', '2025-09-08 10:31:48', NULL, NULL);
INSERT INTO public.personne VALUES (186, 'RAZAFINDRAMANANA', 'josia.razafindramanana@univ-antananarivo.mg', NULL, 'Josia', '2025-09-08 10:31:48', NULL, NULL);
INSERT INTO public.personne VALUES (187, 'RAZAFINDRANAIVO', NULL, NULL, 'Lady Mireille', '2025-09-08 10:31:48', NULL, NULL);
INSERT INTO public.personne VALUES (189, 'RAZAFINDRASOA', 'alitina02@yahoo.fr', NULL, 'Mbolatiana Alinà', '2025-09-08 10:31:48', NULL, NULL);
INSERT INTO public.personne VALUES (190, 'RAZAFINDRATIANA', 'eleonore.razafindratiana@univ-antananarivo.mg', NULL, 'Eléonore', '2025-09-08 10:31:48', NULL, NULL);
INSERT INTO public.personne VALUES (191, 'RAZAFINDRAZAKA', 'vonimanitra.razafindrazaka@univ-antananarivo.mg', NULL, 'Razanajafy Vonimanitra Lalao', '2025-09-08 10:31:48', NULL, NULL);
INSERT INTO public.personne VALUES (193, 'RAZANAMANAMPISOA', 'harimalala.razanamanampisoa@univ-antananarivo.mg', NULL, 'Harimalala', '2025-09-08 10:31:48', NULL, NULL);
INSERT INTO public.personne VALUES (194, 'RAZANAMEHARIZAKA', 'juvet.razanameharizaka@univ-antananarivo.mg', NULL, 'Juvet Henrinet Herinainasoa', '2025-09-08 10:31:48', NULL, NULL);
INSERT INTO public.personne VALUES (195, 'RAZANATSEHENO', 'mihaja.razanatseheno@univ-antananarivo.mg', NULL, 'Mihajasoa Stella', '2025-09-08 10:31:48', NULL, NULL);
INSERT INTO public.personne VALUES (196, 'RIM FARASOA', 'lalanirina.rim@univ-antananarivo.mg', NULL, 'Helga', '2025-09-08 10:31:48', NULL, NULL);
INSERT INTO public.personne VALUES (197, 'ROBINSON', 'olivier.robinson@univ-antananarivo.mg', NULL, 'Olivier', '2025-09-08 10:31:48', NULL, NULL);
INSERT INTO public.personne VALUES (198, 'ROGE', 'patrick.roge@univ-antananarivo.mg', NULL, 'Tina Patrick', '2025-09-08 10:31:48', NULL, NULL);
INSERT INTO public.personne VALUES (199, 'ROGER', 'edmond.roger@univ-antananarivo.mg', NULL, 'Edmond', '2025-09-08 10:31:48', NULL, NULL);
INSERT INTO public.personne VALUES (200, 'SAHOA', 'sfrankelliot@univ-antananarivo.mg', NULL, 'Franck Elliot', '2025-09-08 10:31:48', NULL, NULL);
INSERT INTO public.personne VALUES (201, 'ANDRIANAHARISON', 'fumiko.andrianaharison@univ-antananarivo.mg', NULL, 'Fumiko', '2025-09-08 10:31:48', NULL, NULL);
INSERT INTO public.personne VALUES (202, 'ANDRIANANTENAINA', 'harison.andrianantenaina@univ-antananarivo.mg', NULL, 'Harison Dany', '2025-09-08 10:31:48', NULL, NULL);
INSERT INTO public.personne VALUES (203, 'ANDRIANANTENAINARINORO', 'tsilavina.andrianantenainarinoro@univ-antananarivo.mg', NULL, 'Tsilavina Ravo Hasina', '2025-09-08 10:31:48', NULL, NULL);
INSERT INTO public.personne VALUES (204, 'ANDRIANIANTEHERANA', 'andrianarison.andrianianteherana@univ-antananarivo.mg', NULL, 'Andrianarison Marcellin', '2025-09-08 10:31:48', NULL, NULL);
INSERT INTO public.personne VALUES (205, 'ANDRIANIRINA', 'jeanodilon.andrianirina@univ-antananarivo.mg', NULL, 'Jean Odilon', '2025-09-08 10:31:48', NULL, NULL);
INSERT INTO public.personne VALUES (206, 'ANDRIANTSOA', 'sandrataniaina.andriantsoa@univ-antananarivo.mg', NULL, 'Sandrataniaina Rajaonarison', '2025-09-08 10:31:48', NULL, NULL);
INSERT INTO public.personne VALUES (169, 'RASOLOFOTIANA', NULL, NULL, 'Edmond', '2025-09-08 10:31:48', NULL, 3);
INSERT INTO public.personne VALUES (207, 'ANDRIATAHINA HAJANIAINA', 'jocelyn.andriatahina@univ-antananarivo.mg', NULL, 'Jocelyn', '2025-09-08 10:31:48', NULL, NULL);
INSERT INTO public.personne VALUES (208, 'BERNARDIN', 'hagamalala.bernardin@univ-antananarivo.mg', NULL, 'Hagamalala Santatra', '2025-09-08 10:31:48', NULL, NULL);
INSERT INTO public.personne VALUES (209, 'HERIMIAH RAKOTONDRANJA', 'arsene.herimiah@univ-antananarivo.mg', NULL, 'Solo Arsène', '2025-09-08 10:31:48', NULL, NULL);
INSERT INTO public.personne VALUES (210, 'HERINANTENAINA', 'roddy.herinantenaina@univ-antananarivo.mg', NULL, 'Roddy Stanislas', '2025-09-08 10:31:48', NULL, NULL);
INSERT INTO public.personne VALUES (211, 'LANTONIRINA', 'laurence.lantonirina@univ-antananarivo.mg', NULL, 'Sendrasoa Laurence', '2025-09-08 10:31:48', NULL, NULL);
INSERT INTO public.personne VALUES (212, 'MAHALEO', 'tahiry.mahaleo@univ-antananarivo.mg', NULL, 'Tahirimanankasina Betoraka', '2025-09-08 10:31:48', NULL, NULL);
INSERT INTO public.personne VALUES (213, 'RABARIVELOARIJAONA', NULL, NULL, 'Soanjafinasy Zelindravaka', '2025-09-08 10:31:48', NULL, NULL);
INSERT INTO public.personne VALUES (214, 'RAFALIMANANA', 'laingo.rafalimanana@univ-antananarivo.mg', NULL, 'Laingo Barisoa', '2025-09-08 10:31:48', NULL, NULL);
INSERT INTO public.personne VALUES (215, 'RAHANTAHARIVAO', 'noromamy.rahantaharivao@univ-antananarivo.mg', NULL, 'Noromamy Joséphine', '2025-09-08 10:31:48', NULL, NULL);
INSERT INTO public.personne VALUES (216, 'RAHANTARIMANANA', 'fanjavola@yahoo.fr', NULL, 'Fanjavola', '2025-09-08 10:31:48', NULL, NULL);
INSERT INTO public.personne VALUES (217, 'RAHARIVOLOLONIAINA', 'liliane.raharivololoniaina@univ-antananarivo.mg', NULL, 'Liliane', '2025-09-08 10:31:48', NULL, NULL);
INSERT INTO public.personne VALUES (218, 'RAINIBE', 'hery.rainibe@univ-antananarivo.mg', NULL, 'Hery', '2025-09-08 10:31:48', NULL, NULL);
INSERT INTO public.personne VALUES (219, 'RAJAONERA', 'aimee.rajaonera@univ-antananarivo.mg', NULL, 'née RASOANIAINA Aimée', '2025-09-08 10:31:48', NULL, NULL);
INSERT INTO public.personne VALUES (220, 'RAKOTOARISOA', 'ravo_benja.rakotoarisoa@univ-antananarivo.mg', NULL, 'Ravo Notahiana Benjamina', '2025-09-08 10:31:48', NULL, NULL);
INSERT INTO public.personne VALUES (221, 'RAKOTOARIVELO', NULL, NULL, 'Onialisoa Mirana', '2025-09-08 10:31:48', NULL, NULL);
INSERT INTO public.personne VALUES (222, 'RAKOTONDRAIBE', 'verotiana.rakotondraibe@univ-antananarivo.mg', NULL, 'Harimalala Verotiana', '2025-09-08 10:31:48', NULL, NULL);
INSERT INTO public.personne VALUES (223, 'RAKOTONDRAMANANA', 'haingotiana.rakotondramanana@univ-antananarivo.mg', NULL, 'Haingotiana Lalaina Maminiriana', '2025-09-08 10:31:48', NULL, NULL);
INSERT INTO public.personne VALUES (3, 'RAKOTONDRAMAVONIRINA', 'joseph.rakotondramavonirina@univ-antananarivo.mg', '0343625508', 'Joseph', '2025-09-06 15:47:02', NULL, NULL);
INSERT INTO public.personne VALUES (225, 'RAKOTONIRINA', 'dina_miora.rakotonirina@univ-antananarivo.mg', NULL, 'Dina Miora', '2025-09-08 10:31:48', NULL, NULL);
INSERT INTO public.personne VALUES (11, 'RALISON LAINGOHARIMIADANA', 'laingoharimiadana.ralison@univ-antananarivo.mg', NULL, 'Marie Nambinina', '2025-09-06 16:24:03', NULL, NULL);
INSERT INTO public.personne VALUES (227, 'RAMAHAZOMANANA', 'alhison.ramahazomanana@univ-antananarivo.mg', NULL, 'Alhison', '2025-09-08 10:31:48', NULL, NULL);
INSERT INTO public.personne VALUES (228, 'RAMALANJAONA', 'maminiaina.ramalanjaona@univ-antananarivo.mg', NULL, 'Maminiaina Andriantsoa', '2025-09-08 10:31:48', NULL, NULL);
INSERT INTO public.personne VALUES (229, 'RAMANANA', 'hasinarivo@univ-antananarivo.mg', NULL, 'Hasinarivo Marie de Berthis', '2025-09-08 10:31:48', NULL, NULL);
INSERT INTO public.personne VALUES (231, 'RANAIVOSON', 'adrien.ranaivoson@univ-antananarivo.mg', NULL, 'Petera Adrien', '2025-09-08 10:31:48', NULL, NULL);
INSERT INTO public.personne VALUES (232, 'RANDRIA', 'eurelclem@yahoo.fr', NULL, 'José Narcisse', '2025-09-08 10:31:48', NULL, NULL);
INSERT INTO public.personne VALUES (233, 'RANDRIAMIARAMISAINA', 'r_raly@univ-antananarivo.mg', NULL, 'Ralinandrianina', '2025-09-08 10:31:48', NULL, NULL);
INSERT INTO public.personne VALUES (234, 'RANDRIAMIARAMPANAHY', 'jean_jacques.randriamiarampanahy@univ-antananarivo.mg', NULL, 'Jean Jacques Ferdinand', '2025-09-08 10:31:48', NULL, NULL);
INSERT INTO public.personne VALUES (235, 'RANDRIAMIARISOANDRAIBE', 'heritiana.randriamiarisoandraibe@univ-antananarivo.mg', NULL, 'Heritiana', '2025-09-08 10:31:48', NULL, NULL);
INSERT INTO public.personne VALUES (236, 'RANDRIANANDRASANA', 'jacques.randrianandrasana@univ-antananarivo.mg', NULL, 'Jacques', '2025-09-08 10:31:48', NULL, NULL);
INSERT INTO public.personne VALUES (237, 'RANDRIANINDRINA', 'renceaimee.randrianindrina@univ-antananarivo.mg', NULL, 'Veloarivony Rence Aimée', '2025-09-08 10:31:48', NULL, NULL);
INSERT INTO public.personne VALUES (238, 'RANDRIANOMENJANAHARY', 'rado.abraham.randrianomenjanahary@univ-antananarivo.mg', NULL, 'Rado Abraham', '2025-09-08 10:31:48', NULL, NULL);
INSERT INTO public.personne VALUES (239, 'RASOANAIVO', 'r.andry.rasoanaivo@gmail.com', NULL, 'Andry Andrianarivo Pascal', '2025-09-08 10:31:48', NULL, NULL);
INSERT INTO public.personne VALUES (240, 'RASOLOFONIAINA', 'rolland.rasolofoniaina@univ-antananarivo.mg', NULL, 'Rolland', '2025-09-08 10:31:48', NULL, NULL);
INSERT INTO public.personne VALUES (241, 'RATSIMBAZAFY', 'veroarisinina.ratsimbazafy@univ-antananarivo.mg', NULL, 'Veroarisinina', '2025-09-08 10:31:48', NULL, NULL);
INSERT INTO public.personne VALUES (242, 'RATSIMISATA', 'heritiana.ratsimisata@univ-antananarivo.mg', NULL, 'Heritiana', '2025-09-08 10:31:48', NULL, NULL);
INSERT INTO public.personne VALUES (243, 'RAVELOMANANTSOA', 'irene.ravelomanantsoa@univ-antananarivo.mg', NULL, 'Irène Vololomampianina', '2025-09-08 10:31:48', NULL, NULL);
INSERT INTO public.personne VALUES (244, 'RAVELONA', 'andryjudy.ravelona@univ-antananarivo.mg', NULL, 'Andry Judicaël', '2025-09-08 10:31:48', NULL, NULL);
INSERT INTO public.personne VALUES (245, 'RAVELOSON', 'ricca.raveloson@univ-antananarivo.mg', NULL, 'Ricca', '2025-09-08 10:31:48', NULL, NULL);
INSERT INTO public.personne VALUES (246, 'RAZAFINDRATSIMA', 'lalainarivony.razafindratsima@univ-antananarivo.mg', NULL, 'Lalainarivony Clément', '2025-09-08 10:31:48', NULL, NULL);
INSERT INTO public.personne VALUES (247, 'SOULEMAN IBRAHIM', 'andriamandimby.souleman@univ-antananarivo.mg', NULL, 'Andriamandimby', '2025-09-08 10:31:48', NULL, NULL);
INSERT INTO public.personne VALUES (248, 'RABEHARISOA', 'rijarabeharisoa@gmail.com', '0320503972', 'Rija', '2025-09-08 11:15:05', 'M', NULL);
INSERT INTO public.personne VALUES (249, 'RASAMOELA', 'hentsrasamy@gmail.com', NULL, 'Henintsoa', '2025-09-08 11:16:31', 'M', NULL);
INSERT INTO public.personne VALUES (250, 'RANDRIANARIVELO', 'mamyfetra@gmail.com', '0340518508', 'Mamy Fetra', '2025-09-08 11:17:41', 'M', NULL);
INSERT INTO public.personne VALUES (251, 'RANDRIANARIJAONA', NULL, NULL, 'Tsilavina Ny Aina Zo', '2025-09-08 12:10:36', 'M', NULL);
INSERT INTO public.personne VALUES (252, 'RASOAVOLOLONA', NULL, NULL, 'Fenonirina', '2025-09-08 12:10:36', 'F', NULL);
INSERT INTO public.personne VALUES (253, 'RAZANAKOTO', NULL, NULL, 'Felaniaina Danielle', '2025-09-08 12:10:36', 'F', NULL);
INSERT INTO public.personne VALUES (254, 'RAZAFINDRAMBOA', NULL, NULL, 'Voniarisolo', '2025-09-08 12:10:36', 'F', NULL);
INSERT INTO public.personne VALUES (255, 'RAZAFIMBELO', NULL, NULL, 'Vololoniaina Sylvia', '2025-09-08 12:10:36', 'F', NULL);
INSERT INTO public.personne VALUES (256, 'RAKOTOVAO', NULL, NULL, 'Tsimiamboholahy Rivo', '2025-09-08 12:10:36', 'M', NULL);
INSERT INTO public.personne VALUES (257, 'RASOAHARIJAONA', NULL, NULL, 'Ny Haja', '2025-09-08 12:10:36', 'F', NULL);
INSERT INTO public.personne VALUES (258, 'RANDRIAMANOLOSON', NULL, NULL, 'Gabriel', '2025-09-08 12:10:36', 'M', NULL);
INSERT INTO public.personne VALUES (259, 'ANDRIANARINIVO', NULL, NULL, 'Herinirina Gabrielle', '2025-09-08 12:10:36', 'F', NULL);
INSERT INTO public.personne VALUES (260, 'RAHARIMANANA', NULL, NULL, 'Onisoa Felaniaina', '2025-09-08 12:10:36', 'F', NULL);
INSERT INTO public.personne VALUES (261, 'RAVALISON', NULL, NULL, 'Bako Lalaina', '2025-09-08 12:10:36', 'F', NULL);
INSERT INTO public.personne VALUES (262, 'RAVELOJAONA', NULL, NULL, 'Lantonirina', '2025-09-08 12:10:36', 'M', NULL);
INSERT INTO public.personne VALUES (263, 'RAZAIARIMINO', NULL, NULL, 'Ranja', '2025-09-08 12:10:36', 'F', NULL);
INSERT INTO public.personne VALUES (264, 'RAKOTONANAHARY', NULL, NULL, 'Tahirintsoa H Jackie', '2025-09-08 12:10:36', 'F', NULL);
INSERT INTO public.personne VALUES (265, 'RAKOTOMALALA', NULL, NULL, 'Niriharivony Soanandrianina', '2025-09-08 12:10:36', 'F', NULL);
INSERT INTO public.personne VALUES (266, 'RAZAFINIRINA', NULL, NULL, 'Hanta Bakoly', '2025-09-08 12:10:36', 'F', NULL);
INSERT INTO public.personne VALUES (267, 'RABEARILAFY', NULL, NULL, 'Tsioriniaina Marko', '2025-09-08 12:10:36', 'M', NULL);
INSERT INTO public.personne VALUES (268, 'ANDRIAMAMPIRODO', NULL, NULL, 'François Xavier Hajasoa', '2025-09-08 12:10:36', 'M', NULL);
INSERT INTO public.personne VALUES (269, 'RAKOTOVAO HERITIANA', NULL, NULL, NULL, '2025-09-08 12:10:36', 'M', NULL);
INSERT INTO public.personne VALUES (270, 'RAZAFIARISON', NULL, NULL, 'Holiniaina Eva', '2025-09-08 12:10:36', 'F', NULL);
INSERT INTO public.personne VALUES (271, 'RANDRIANJAKA', NULL, NULL, 'Adolphe', '2025-09-08 12:10:36', 'M', NULL);
INSERT INTO public.personne VALUES (272, 'RAJAONARISON ANJARAFATIANA', NULL, NULL, 'Miora', '2025-09-08 12:10:36', 'F', NULL);
INSERT INTO public.personne VALUES (273, 'RAJAONARIVELO', NULL, NULL, 'Heriniaina Innocent Alphonse', '2025-09-08 12:10:36', 'M', NULL);
INSERT INTO public.personne VALUES (274, 'RAKOTOMAMPIANINA', NULL, NULL, 'Andriantahina  Josué', '2025-09-08 12:10:36', 'M', NULL);
INSERT INTO public.personne VALUES (275, 'RAKOTONANAHARY', NULL, NULL, 'Mbolatiana Genevieve', '2025-09-08 12:10:36', 'F', NULL);
INSERT INTO public.personne VALUES (276, 'ROBSON', NULL, NULL, 'Lucien Herinantenaina', '2025-09-08 12:10:36', 'M', NULL);
INSERT INTO public.personne VALUES (277, 'RAMPARAOELINA', NULL, NULL, 'Miora Onjasoa', '2025-09-08 12:10:36', 'F', NULL);
INSERT INTO public.personne VALUES (278, 'RAVELOARISON', NULL, NULL, 'Heritiana Patrick', '2025-09-08 12:10:36', 'M', NULL);
INSERT INTO public.personne VALUES (279, 'RAMAROLAHY', NULL, NULL, 'Naina Elie Jacquot', '2025-09-08 12:10:36', 'M', NULL);
INSERT INTO public.personne VALUES (280, 'RAKOTONANDRASANA', NULL, NULL, 'Norosoa Yvette', '2025-09-08 12:10:36', 'F', NULL);
INSERT INTO public.personne VALUES (281, 'RAHAJAMALALA', NULL, NULL, 'Cathérine Olivia', '2025-09-08 12:10:36', 'F', NULL);
INSERT INTO public.personne VALUES (282, 'RAJAONERA', NULL, NULL, 'Tahina Ernest', '2025-09-08 12:10:36', 'M', NULL);
INSERT INTO public.personne VALUES (283, 'ANDRIANANTOANDRO', NULL, NULL, 'Aina', '2025-09-08 12:10:36', 'M', NULL);
INSERT INTO public.personne VALUES (284, 'RAHALINARIVO', NULL, NULL, 'Vololonirina', '2025-09-08 12:10:36', 'F', NULL);
INSERT INTO public.personne VALUES (285, 'RAZAFIMAHATRATRA', NULL, NULL, 'Davidson  Michaël', '2025-09-08 12:10:36', 'M', NULL);
INSERT INTO public.personne VALUES (286, 'RASOANANTENAINA', NULL, NULL, 'Marie Perline', '2025-09-08 12:10:36', 'F', NULL);
INSERT INTO public.personne VALUES (287, 'NIRISOA', NULL, NULL, 'Micheline Rakotondrajaona', '2025-09-08 12:10:36', 'F', NULL);
INSERT INTO public.personne VALUES (288, 'RAKOTOARISOA', NULL, NULL, 'Tantelinirina Lovaniaina', '2025-09-08 12:10:36', 'F', NULL);
INSERT INTO public.personne VALUES (289, 'RAKOTOZANANY', NULL, NULL, 'Andrianambinitsoa Sylvio', '2025-09-08 12:10:36', 'M', NULL);
INSERT INTO public.personne VALUES (290, 'RABEARISOA', NULL, NULL, 'Andriamihaja Olivier', '2025-09-08 12:10:36', 'M', NULL);
INSERT INTO public.personne VALUES (291, 'RAKOTONDRAMARINA RAMIARA', NULL, NULL, 'Miora Voahanginiaina', '2025-09-08 12:10:36', 'F', NULL);
INSERT INTO public.personne VALUES (292, 'LIVA HARIVELO', NULL, NULL, 'Jonas', '2025-09-08 12:10:36', 'M', NULL);
INSERT INTO public.personne VALUES (293, 'RAKOTOANTOANDRO', NULL, NULL, 'Nomenjanahary Hajasoa', '2025-09-08 12:10:36', 'M', NULL);
INSERT INTO public.personne VALUES (294, 'RAJAONARISON', NULL, NULL, 'Rija Zoé Pascal', '2025-09-08 12:10:36', 'M', NULL);
INSERT INTO public.personne VALUES (295, 'RALITERA', NULL, NULL, 'Soahajaina Vololomalala', '2025-09-08 12:10:36', 'F', NULL);
INSERT INTO public.personne VALUES (296, 'RAKOTOMALALA', NULL, NULL, 'Faniry Ely', '2025-09-08 12:10:36', 'M', NULL);
INSERT INTO public.personne VALUES (297, 'ANDRIAMISAINA', NULL, NULL, 'Harilala', '2025-09-08 12:10:36', 'M', NULL);
INSERT INTO public.personne VALUES (298, 'RASOLONIALITIANA', NULL, NULL, 'Jean François Régis', '2025-09-08 12:10:36', 'M', NULL);
INSERT INTO public.personne VALUES (299, 'RAHANTAMALALA', NULL, NULL, 'Felaniaina Miora', '2025-09-08 12:10:36', 'F', NULL);
INSERT INTO public.personne VALUES (300, 'RANDRIANALISON', NULL, NULL, 'Onilalaina Ange Francia', '2025-09-08 12:10:36', 'F', NULL);
INSERT INTO public.personne VALUES (301, 'RAFANOMEZANA', NULL, NULL, 'Haja', '2025-09-08 12:10:36', 'F', NULL);
INSERT INTO public.personne VALUES (302, 'RAKOTONIRINA', NULL, NULL, 'Mihoby Valisoa D', '2025-09-08 12:10:36', 'M', NULL);
INSERT INTO public.personne VALUES (303, 'RAZAFIZANAKA', NULL, NULL, 'Giannot Albert', '2025-09-08 12:10:36', 'M', NULL);
INSERT INTO public.personne VALUES (304, 'RAZAKANAIVO', NULL, NULL, 'Liva Andriamanana', '2025-09-08 12:10:36', 'M', NULL);
INSERT INTO public.personne VALUES (305, 'RAKOTOMALALA', NULL, NULL, 'Mirindra Pierrot', '2025-09-08 12:10:36', 'M', NULL);
INSERT INTO public.personne VALUES (306, 'RAZAFINDRAHOVA', NULL, NULL, 'Fy Harilala', '2025-09-08 12:10:36', 'M', NULL);
INSERT INTO public.personne VALUES (307, 'FIDINARIVO', NULL, NULL, 'Fihery Toma', '2025-09-08 12:10:36', 'M', NULL);
INSERT INTO public.personne VALUES (308, 'RAZAFIMAHATRATRA', NULL, NULL, 'Harimalala Sedera', '2025-09-08 12:10:36', 'M', NULL);
INSERT INTO public.personne VALUES (309, 'NASOAVINARIVO', NULL, NULL, 'Nasaina Fandresena', '2025-09-08 12:10:36', 'M', NULL);
INSERT INTO public.personne VALUES (310, 'RAKOTOMALALA', NULL, NULL, 'Annie Régina', '2025-09-08 12:10:36', 'F', NULL);
INSERT INTO public.personne VALUES (311, 'RANAIVO', NULL, NULL, 'Hasimbonjitiana Faniriana', '2025-09-08 12:10:36', 'M', NULL);
INSERT INTO public.personne VALUES (312, 'RAKOTOARISOA', NULL, NULL, 'Lova Landry', '2025-09-08 12:10:36', 'M', NULL);
INSERT INTO public.personne VALUES (313, 'RAZANADRABAO', NULL, NULL, 'Salime', '2025-09-08 12:10:36', 'F', NULL);
INSERT INTO public.personne VALUES (314, 'RASOAMANARIVO', NULL, NULL, 'Fanjanirina', '2025-09-08 12:10:36', 'F', NULL);
INSERT INTO public.personne VALUES (315, 'RANOROHARIMINA', NULL, NULL, 'Lantoniaina Nicaise', '2025-09-08 12:10:36', 'F', NULL);
INSERT INTO public.personne VALUES (316, 'RAKOTOSOLOFO', NULL, NULL, 'Hasina Guy Pascal', '2025-09-08 12:10:36', 'M', NULL);
INSERT INTO public.personne VALUES (317, 'RAHARISON', NULL, NULL, 'Felaniriana Holiarivelo', '2025-09-08 12:10:36', 'F', NULL);
INSERT INTO public.personne VALUES (318, 'RAKOTOMALALA', NULL, NULL, 'Hajaniaina Hyacinthe', '2025-09-08 12:10:36', 'M', NULL);
INSERT INTO public.personne VALUES (319, 'RANDRIANAIVO', NULL, NULL, 'Jeanne Marie Louisette', '2025-09-08 12:10:36', 'F', NULL);
INSERT INTO public.personne VALUES (320, 'RAKOTOARINOSY', NULL, NULL, 'Livaharintsoa', '2025-09-08 12:10:36', 'M', NULL);
INSERT INTO public.personne VALUES (321, 'RANDRIANJATOVO', NULL, NULL, 'Narivelo Tsitoniaina', '2025-09-08 12:10:36', 'M', NULL);
INSERT INTO public.personne VALUES (322, 'MANANDAZA', NULL, NULL, 'Mbehofantae', '2025-09-08 12:10:36', 'M', NULL);
INSERT INTO public.personne VALUES (323, 'RANDRIANAIVO', NULL, NULL, 'Laurence Lydia', '2025-09-08 12:10:36', 'F', NULL);
INSERT INTO public.personne VALUES (324, 'FANJARIZAKA', NULL, NULL, 'Hilaria Cléo', '2025-09-08 12:10:36', 'F', NULL);
INSERT INTO public.personne VALUES (325, 'RASOLOARISON', NULL, NULL, 'Naivotiana Holdin', '2025-09-08 12:10:36', 'M', NULL);
INSERT INTO public.personne VALUES (326, 'ANDRIANJAKA', NULL, NULL, 'Solofoherimanana', '2025-09-08 12:10:36', 'M', NULL);
INSERT INTO public.personne VALUES (327, 'RANDRIANTSOA', NULL, NULL, 'Nary Solo', '2025-09-08 12:10:36', 'M', NULL);
INSERT INTO public.personne VALUES (328, 'MAHERISOA', NULL, NULL, 'Tantely Narindra', '2025-09-08 12:10:36', 'F', NULL);
INSERT INTO public.personne VALUES (329, 'TAHINA', NULL, NULL, 'Odilon Elison', '2025-09-08 12:10:36', 'M', NULL);
INSERT INTO public.personne VALUES (330, 'RATSITOHAINA', NULL, NULL, 'Mamisoa Pochard', '2025-09-08 12:10:36', 'M', NULL);
INSERT INTO public.personne VALUES (331, 'RAKOTONANDRASANA', NULL, NULL, 'Ihoby Lalao Mamisoa', '2025-09-08 12:10:36', 'F', NULL);
INSERT INTO public.personne VALUES (332, 'RAKOTONDRAZAFY', NULL, NULL, 'Haingo Nirina', '2025-09-08 12:10:36', 'F', NULL);
INSERT INTO public.personne VALUES (333, 'RAZAFIARIMANANA', NULL, NULL, 'Célestine', '2025-09-08 12:10:36', 'F', NULL);
INSERT INTO public.personne VALUES (334, 'NIRINAHARIMALALA', NULL, NULL, 'Marie Léa Hélène', '2025-09-08 12:10:36', 'F', NULL);
INSERT INTO public.personne VALUES (335, 'RAVOAVISON', NULL, NULL, 'Solo Ni-Tiana Mahefa Ninà', '2025-09-08 12:10:36', 'F', NULL);
INSERT INTO public.personne VALUES (336, 'RANAIVOMANANA', NULL, NULL, 'Mamy Tiana', '2025-09-08 12:10:36', 'F', NULL);
INSERT INTO public.personne VALUES (337, 'RAKOTOARISOA', NULL, NULL, 'Jacques Francky', '2025-09-08 12:10:36', 'M', NULL);
INSERT INTO public.personne VALUES (338, 'BOTOSOAMANANA', NULL, NULL, 'Lalaina Elisa', '2025-09-08 12:10:36', 'F', NULL);
INSERT INTO public.personne VALUES (339, 'ANDRIATIANA', NULL, NULL, 'Hajavola Lova Jacquelin', '2025-09-08 12:10:36', 'M', NULL);
INSERT INTO public.personne VALUES (340, 'RAVAOHARIMANANA', NULL, NULL, 'Andréa Saholy', '2025-09-08 12:10:36', 'F', NULL);
INSERT INTO public.personne VALUES (341, 'JEAN', NULL, NULL, 'Noël', '2025-09-08 12:10:36', 'M', NULL);
INSERT INTO public.personne VALUES (342, 'RATSIMBARISON', NULL, NULL, 'Rivosoa', '2025-09-08 12:10:36', 'M', NULL);
INSERT INTO public.personne VALUES (343, 'RAFITOARISOA', NULL, NULL, 'Lin Venant', '2025-09-08 12:10:36', 'M', NULL);
INSERT INTO public.personne VALUES (344, 'NDRIANASOLO', NULL, NULL, 'Briand Joachim', '2025-09-08 12:10:36', 'M', NULL);
INSERT INTO public.personne VALUES (345, 'KOTO RAKOTONIRINA', NULL, NULL, 'Jean Cyrille', '2025-09-08 12:10:36', 'M', NULL);
INSERT INTO public.personne VALUES (346, 'RABETOKOTANY', NULL, NULL, 'Aina Marino', '2025-09-08 12:10:36', 'M', NULL);
INSERT INTO public.personne VALUES (347, 'RANDRIAMIANDRISOA', NULL, NULL, 'Gabriel', '2025-09-08 12:10:36', 'M', NULL);
INSERT INTO public.personne VALUES (348, 'RAVOLOLOARIMANGA', NULL, NULL, 'Malalatiana Oméga', '2025-09-08 12:10:36', 'F', NULL);
INSERT INTO public.personne VALUES (349, 'NANTENAINA', NULL, NULL, 'Hery', '2025-09-08 12:10:36', 'M', NULL);
INSERT INTO public.personne VALUES (350, 'RAVELOMANANTSOA', NULL, NULL, 'Andrianiaina Ludger', '2025-09-08 12:10:36', 'M', NULL);
INSERT INTO public.personne VALUES (351, 'RAHERIMANJATO', NULL, NULL, 'Hajanirina M.Célestin Rodolphe', '2025-09-08 12:10:36', 'M', NULL);
INSERT INTO public.personne VALUES (352, 'RAVELOJAONA', NULL, NULL, 'Emmanuel', '2025-09-08 12:10:36', 'M', NULL);
INSERT INTO public.personne VALUES (353, 'RASAMISON', NULL, NULL, 'Roger', '2025-09-08 12:10:36', 'M', NULL);
INSERT INTO public.personne VALUES (354, 'RANAIVOSON', NULL, NULL, 'Jean Charles', '2025-09-08 12:10:36', 'M', NULL);
INSERT INTO public.personne VALUES (355, 'RAMBELOMANANA', NULL, NULL, 'Hery Lindenberg', '2025-09-08 12:10:36', 'M', NULL);
INSERT INTO public.personne VALUES (356, 'RAJAONA', NULL, NULL, 'Jean Charles', '2025-09-08 12:10:36', 'M', NULL);
INSERT INTO public.personne VALUES (357, 'RABEARIMANANA', NULL, NULL, 'Richard', '2025-09-08 12:10:36', 'M', NULL);
INSERT INTO public.personne VALUES (358, 'RAMADIMANANA', NULL, NULL, 'Jean Louis', '2025-09-08 12:10:36', 'M', NULL);
INSERT INTO public.personne VALUES (359, 'RAVELOMANANA', NULL, NULL, 'Njaka', '2025-09-08 12:10:36', 'M', NULL);
INSERT INTO public.personne VALUES (360, 'RAFIDISON', NULL, NULL, 'Ny Riana Fenosoa', '2025-09-08 12:10:36', 'M', NULL);
INSERT INTO public.personne VALUES (361, 'RAMANANTENASOA', NULL, NULL, 'Lucile Marie Henriette', '2025-09-08 12:10:36', 'F', NULL);
INSERT INTO public.personne VALUES (362, 'RASOARILALA', NULL, NULL, 'Hanitriniaina Marie Marovavy', '2025-09-08 12:10:36', 'F', NULL);
INSERT INTO public.personne VALUES (363, 'RAZAFIMAHEFA', NULL, NULL, 'Edmond', '2025-09-08 12:10:36', 'M', NULL);
INSERT INTO public.personne VALUES (364, 'RASAMOELINIRINA', NULL, NULL, 'Heriniaina Hugues Ange', '2025-09-08 12:10:36', 'M', NULL);
INSERT INTO public.personne VALUES (365, 'RAKOTONIRINA', NULL, NULL, 'Clavie', '2025-09-08 12:10:36', 'M', NULL);
INSERT INTO public.personne VALUES (366, 'RAKOTOARIMALALA', NULL, NULL, 'Toky Arthur', '2025-09-08 12:10:36', 'M', NULL);
INSERT INTO public.personne VALUES (367, 'ANDRIAMADY', NULL, NULL, 'Hasinarimanana Hanitriniaina', '2025-09-08 12:10:36', 'F', NULL);
INSERT INTO public.personne VALUES (368, 'LOVANANTENAINA', NULL, NULL, 'Nirilanto Vololona', '2025-09-08 12:10:36', 'F', NULL);
INSERT INTO public.personne VALUES (410, 'RAJERISON', NULL, NULL, NULL, '2025-09-08 17:38:13', NULL, 30);
INSERT INTO public.personne VALUES (369, 'RAKOTOARISOA', NULL, NULL, 'Andimalala Rian''ny Aina', '2025-09-08 12:10:36', 'M', NULL);
INSERT INTO public.personne VALUES (370, 'FELANA MPANARIVO', NULL, NULL, 'Michel Rodrigue', '2025-09-08 12:10:36', 'M', NULL);
INSERT INTO public.personne VALUES (371, 'RAZAKANIRINA', NULL, NULL, 'Noroharilala Viviane', '2025-09-08 12:10:36', 'F', NULL);
INSERT INTO public.personne VALUES (372, 'RAZOARIMALALA', NULL, NULL, 'Nivoarisoa', '2025-09-08 12:10:36', 'F', NULL);
INSERT INTO public.personne VALUES (373, 'RANDRIANJANAHARY', NULL, NULL, 'Harimina', '2025-09-08 12:10:36', 'F', NULL);
INSERT INTO public.personne VALUES (374, 'ANDRIAMANANONY', NULL, NULL, 'Hantsamalala Vololontsalama', '2025-09-08 12:10:36', 'F', NULL);
INSERT INTO public.personne VALUES (375, 'ANDRIANARY', NULL, NULL, 'Andréa', '2025-09-08 12:10:36', 'M', NULL);
INSERT INTO public.personne VALUES (376, 'RALAIDOSY', NULL, NULL, 'Rado Harinjaka', '2025-09-08 12:10:36', 'M', NULL);
INSERT INTO public.personne VALUES (377, 'RAHELINIRINA', NULL, NULL, 'Malalatiana', '2025-09-08 12:10:36', 'F', NULL);
INSERT INTO public.personne VALUES (378, 'OLITAHIANA', NULL, NULL, 'Alphonsine', '2025-09-08 12:10:36', 'F', NULL);
INSERT INTO public.personne VALUES (379, 'RAZAFINDRAKOTO', NULL, NULL, 'Hanitriniaina Mamisoa', '2025-09-08 12:10:36', 'F', NULL);
INSERT INTO public.personne VALUES (380, 'ANDRIANOARAMAHERY', 'herverolinho@gmail.com', NULL, 'Hervé', '2025-09-08 12:28:08', 'M', NULL);
INSERT INTO public.personne VALUES (50, 'RANDRIANAVONY', NULL, NULL, 'Patricia', '2025-09-08 10:31:48', NULL, 34);
INSERT INTO public.personne VALUES (18, 'RANDRIANASOLOHARISOA', NULL, NULL, 'Dimbimalala', '2025-09-06 16:24:03', NULL, 38);
INSERT INTO public.personne VALUES (384, 'RANDRIANALY', NULL, NULL, 'Hasina Nirina', '2025-09-08 17:38:13', NULL, 4);
INSERT INTO public.personne VALUES (13, 'RANDRIAMAMPIANINA', NULL, NULL, 'Lovarintsoa Judicaël', '2025-09-06 16:24:03', NULL, 5);
INSERT INTO public.personne VALUES (386, 'VERONIRINA', NULL, NULL, 'Rahanitrarivony', '2025-09-08 17:38:13', NULL, 6);
INSERT INTO public.personne VALUES (387, 'RAZAFIARIMANGA', NULL, NULL, 'Zara', '2025-09-08 17:38:13', NULL, 7);
INSERT INTO public.personne VALUES (64, 'RAKOTOARISOA', NULL, NULL, 'Noronirina Victorine', '2025-09-08 10:31:48', NULL, 8);
INSERT INTO public.personne VALUES (12, 'RAKOTOARINIVO', NULL, NULL, 'Mijoro', '2025-09-06 16:24:03', NULL, 9);
INSERT INTO public.personne VALUES (162, 'RANIRISON', NULL, NULL, 'Patrick', '2025-09-08 10:31:48', NULL, 10);
INSERT INTO public.personne VALUES (391, 'RAMAROSANDRATANA', NULL, NULL, 'Aro Vonjy', '2025-09-08 17:38:13', NULL, 11);
INSERT INTO public.personne VALUES (392, 'RAFIDISON', NULL, NULL, 'Varohanitra', '2025-09-08 17:38:13', NULL, 12);
INSERT INTO public.personne VALUES (70, 'RAVAOMANALINA', NULL, NULL, 'Bako Harisoa', '2025-09-08 10:31:48', NULL, 13);
INSERT INTO public.personne VALUES (104, 'RADANIELINA', NULL, NULL, 'Tendro', '2025-09-08 10:31:48', NULL, 15);
INSERT INTO public.personne VALUES (396, 'VESTALYS RAMANANDRAIBE', NULL, NULL, 'Voahangy', '2025-09-08 17:38:13', NULL, 16);
INSERT INTO public.personne VALUES (230, 'RAMIARISON', NULL, NULL, 'Hariliva', '2025-09-08 10:31:48', NULL, 17);
INSERT INTO public.personne VALUES (398, 'RAZAKARIVONY', NULL, NULL, 'Andrianambinina A.', '2025-09-08 17:38:13', NULL, 18);
INSERT INTO public.personne VALUES (399, 'RAKOTONDRAMANGA', NULL, NULL, 'Maonja Finaritra', '2025-09-08 17:38:13', NULL, 19);
INSERT INTO public.personne VALUES (400, 'RABESIAKA', NULL, NULL, 'Mihasina', '2025-09-08 17:38:13', NULL, 21);
INSERT INTO public.personne VALUES (402, 'RANAIVOSON', NULL, NULL, 'Andriambinintsoa Tojonirina', '2025-09-08 17:38:13', NULL, 22);
INSERT INTO public.personne VALUES (403, 'RANDRIANARISOLO', NULL, NULL, 'Rivoarison', '2025-09-08 17:38:13', NULL, 23);
INSERT INTO public.personne VALUES (16, 'RAKOTONIRINA', NULL, NULL, 'Jean Claude', '2025-09-06 16:24:03', NULL, 24);
INSERT INTO public.personne VALUES (405, 'RAZAFINDRALEVA', NULL, NULL, 'Herisolo', '2025-09-08 17:38:13', NULL, 25);
INSERT INTO public.personne VALUES (1, 'RAZAFINDRANAIVO', NULL, '0343641354', 'Victor', '2025-09-06 15:47:02', NULL, 26);
INSERT INTO public.personne VALUES (408, 'RAVELONANDRO', NULL, NULL, 'Pierre', '2025-09-08 17:38:13', NULL, 28);
INSERT INTO public.personne VALUES (407, 'RAMIANDRISOA', NULL, NULL, 'Louisa Njara', '2025-09-08 17:38:13', NULL, 39);
INSERT INTO public.personne VALUES (85, 'ANDRIANAINARIVELO', NULL, NULL, 'Mahandrimanana', '2025-09-08 10:31:48', NULL, 29);
INSERT INTO public.personne VALUES (411, 'RAKOTOMANGA', NULL, NULL, 'Jeannot', '2025-09-08 17:38:13', NULL, 31);
INSERT INTO public.personne VALUES (412, 'RANDRIANANTOANDRO', NULL, NULL, 'Tahiana', '2025-09-08 17:38:13', NULL, 32);
INSERT INTO public.personne VALUES (413, 'ANDRIAMIADAMANANA', NULL, NULL, 'Dangerfield Christian', '2025-09-08 17:38:13', NULL, 33);
INSERT INTO public.personne VALUES (415, 'RAKOTONDRAZAFY', NULL, NULL, 'Jenny', '2025-09-08 17:38:13', NULL, 35);
INSERT INTO public.personne VALUES (416, 'RATOVONJANAHARY', NULL, NULL, 'Franck', '2025-09-08 17:38:13', NULL, 36);
INSERT INTO public.personne VALUES (417, 'RAKOTOARIMANANA', NULL, NULL, 'Graffin', '2025-09-08 17:38:13', NULL, 37);


--
-- Data for Name: portail; Type: TABLE DATA; Schema: public; Owner: admin
--

INSERT INTO public.portail VALUES (2, 'Physique', 'PHYSIQUE', true);
INSERT INTO public.portail VALUES (3, 'Chimie', 'CH', true);
INSERT INTO public.portail VALUES (4, 'Mathematiques', 'MATH', true);
INSERT INTO public.portail VALUES (5, 'Informatique et Technologie', 'IT', true);
INSERT INTO public.portail VALUES (35, 'Licence d''Ingénierie en Energie Renouvelable', 'LIER', false);
INSERT INTO public.portail VALUES (36, 'Licence en Technique Non Desctructive', 'LTND', false);
INSERT INTO public.portail VALUES (37, 'Licence d'' Ingénierie en Gestion des Catastrophes et Réduction des Risques', 'LIGCRR', false);
INSERT INTO public.portail VALUES (34, 'Licence d''Ingénierie en Physique des Signaux et Systèmes', 'LIPSS', false);
INSERT INTO public.portail VALUES (41, 'FPST', 'FPST', false);
INSERT INTO public.portail VALUES (43, 'FP GEODE', 'FP GEODE', false);
INSERT INTO public.portail VALUES (44, 'PSEG', 'PSEG', false);
INSERT INTO public.portail VALUES (40, 'Arôme Cosmétiques Phytomédicaments', 'ACP', false);
INSERT INTO public.portail VALUES (45, 'Entomologie Appliquée', 'ENTOAP', false);
INSERT INTO public.portail VALUES (38, 'Licence d'' Ingénierie ', 'LISTE', false);
INSERT INTO public.portail VALUES (1, 'Portail Sciences de la Vie et de la Terre', 'PSVT', true);


--
-- Data for Name: portail_serie; Type: TABLE DATA; Schema: public; Owner: admin
--

INSERT INTO public.portail_serie VALUES (1, 1, 5);
INSERT INTO public.portail_serie VALUES (2, 1, 4);
INSERT INTO public.portail_serie VALUES (3, 1, 1);
INSERT INTO public.portail_serie VALUES (4, 1, 22);
INSERT INTO public.portail_serie VALUES (5, 5, 1);
INSERT INTO public.portail_serie VALUES (6, 5, 4);
INSERT INTO public.portail_serie VALUES (7, 4, 4);
INSERT INTO public.portail_serie VALUES (8, 4, 1);
INSERT INTO public.portail_serie VALUES (9, 2, 1);
INSERT INTO public.portail_serie VALUES (10, 2, 4);
INSERT INTO public.portail_serie VALUES (11, 2, 5);
INSERT INTO public.portail_serie VALUES (12, 2, 23);
INSERT INTO public.portail_serie VALUES (13, 2, 25);
INSERT INTO public.portail_serie VALUES (14, 2, 10);
INSERT INTO public.portail_serie VALUES (15, 2, 13);
INSERT INTO public.portail_serie VALUES (16, 2, 17);
INSERT INTO public.portail_serie VALUES (17, 2, 16);
INSERT INTO public.portail_serie VALUES (18, 2, 11);
INSERT INTO public.portail_serie VALUES (19, 2, 20);
INSERT INTO public.portail_serie VALUES (20, 2, 2);
INSERT INTO public.portail_serie VALUES (21, 2, 12);
INSERT INTO public.portail_serie VALUES (22, 3, 5);
INSERT INTO public.portail_serie VALUES (23, 3, 1);
INSERT INTO public.portail_serie VALUES (24, 3, 4);
INSERT INTO public.portail_serie VALUES (25, 35, 5);
INSERT INTO public.portail_serie VALUES (26, 36, 5);
INSERT INTO public.portail_serie VALUES (27, 37, 5);
INSERT INTO public.portail_serie VALUES (28, 34, 5);
INSERT INTO public.portail_serie VALUES (29, 41, 5);
INSERT INTO public.portail_serie VALUES (30, 43, 5);
INSERT INTO public.portail_serie VALUES (31, 44, 5);
INSERT INTO public.portail_serie VALUES (32, 40, 5);
INSERT INTO public.portail_serie VALUES (33, 45, 5);
INSERT INTO public.portail_serie VALUES (34, 38, 5);
INSERT INTO public.portail_serie VALUES (35, 35, 1);
INSERT INTO public.portail_serie VALUES (36, 36, 1);
INSERT INTO public.portail_serie VALUES (37, 37, 1);
INSERT INTO public.portail_serie VALUES (38, 34, 1);
INSERT INTO public.portail_serie VALUES (39, 41, 1);
INSERT INTO public.portail_serie VALUES (40, 43, 1);
INSERT INTO public.portail_serie VALUES (41, 44, 1);
INSERT INTO public.portail_serie VALUES (42, 40, 1);
INSERT INTO public.portail_serie VALUES (43, 45, 1);
INSERT INTO public.portail_serie VALUES (44, 38, 1);
INSERT INTO public.portail_serie VALUES (45, 35, 4);
INSERT INTO public.portail_serie VALUES (46, 36, 4);
INSERT INTO public.portail_serie VALUES (47, 37, 4);
INSERT INTO public.portail_serie VALUES (48, 34, 4);
INSERT INTO public.portail_serie VALUES (49, 41, 4);
INSERT INTO public.portail_serie VALUES (50, 43, 4);
INSERT INTO public.portail_serie VALUES (51, 44, 4);
INSERT INTO public.portail_serie VALUES (52, 40, 4);
INSERT INTO public.portail_serie VALUES (53, 45, 4);
INSERT INTO public.portail_serie VALUES (54, 38, 4);
INSERT INTO public.portail_serie VALUES (55, 34, 17);
INSERT INTO public.portail_serie VALUES (56, 35, 17);
INSERT INTO public.portail_serie VALUES (57, 36, 17);
INSERT INTO public.portail_serie VALUES (58, 37, 17);
INSERT INTO public.portail_serie VALUES (59, 41, 17);
INSERT INTO public.portail_serie VALUES (60, 45, 22);


--
-- Data for Name: poste_affectation; Type: TABLE DATA; Schema: public; Owner: admin
--

INSERT INTO public.poste_affectation VALUES (1, 'BEC', NULL);
INSERT INTO public.poste_affectation VALUES (2, 'PEI', NULL);
INSERT INTO public.poste_affectation VALUES (5, 'ENTOMO', NULL);
INSERT INTO public.poste_affectation VALUES (6, 'PERS', NULL);
INSERT INTO public.poste_affectation VALUES (7, 'SP', NULL);
INSERT INTO public.poste_affectation VALUES (8, 'STE', NULL);
INSERT INTO public.poste_affectation VALUES (9, 'IT', NULL);
INSERT INTO public.poste_affectation VALUES (12, 'BEV', NULL);
INSERT INTO public.poste_affectation VALUES (14, 'MI', NULL);
INSERT INTO public.poste_affectation VALUES (15, 'ZBA', NULL);
INSERT INTO public.poste_affectation VALUES (17, 'BFA', NULL);
INSERT INTO public.poste_affectation VALUES (18, 'ADD', NULL);
INSERT INTO public.poste_affectation VALUES (19, 'PAP', NULL);
INSERT INTO public.poste_affectation VALUES (4, 'SCOL', 'Scolarité');
INSERT INTO public.poste_affectation VALUES (3, 'COMPTA', 'Comptabilité');
INSERT INTO public.poste_affectation VALUES (16, 'AG', 'Affaire Général');
INSERT INTO public.poste_affectation VALUES (10, 'INFO', 'Informatique');
INSERT INTO public.poste_affectation VALUES (13, 'CH', 'Chimie');
INSERT INTO public.poste_affectation VALUES (11, 'PHYS', 'Physique');


--
-- Data for Name: preinscription; Type: TABLE DATA; Schema: public; Owner: admin
--

INSERT INTO public.preinscription VALUES (40, 'test@g.com', '0333333333', 'sqsfmajre', 'mqsdfj', '2025-10-10 00:00:00', '2025-10-10 12:42:08.472921', NULL, false, 34, NULL, false, NULL, 36, 'presentielle');
INSERT INTO public.preinscription VALUES (41, 'damyeden@gmail.com', '0333333333', 'sfdkk', 'Ankatso', '2025-10-10 00:00:00', '2025-10-10 13:09:11.518067', NULL, false, 2, NULL, false, NULL, 36, 'presentielle');
INSERT INTO public.preinscription VALUES (42, 'teh012343@gmail.com', '0333333333', 'sff', 'sf', '2025-10-10 00:00:00', '2025-10-10 13:10:51.410619', NULL, false, 5, NULL, false, NULL, 36, 'presentielle');
INSERT INTO public.preinscription VALUES (43, 'fax@gmail.com', '0346666666', 'jkhdsjhdk', 'sdqsdjhk', '2025-10-11 00:00:00', '2025-10-11 07:42:41.797482', NULL, false, 1, NULL, false, NULL, 36, 'presentielle');
INSERT INTO public.preinscription VALUES (44, 'sandaniainaadrien@gmail.com', '0328754036', 'ADBN2KESS562025', 'BNI 64HA Nord', '2025-07-10 00:00:00', '2025-10-11 09:25:32.578021', NULL, false, 2, NULL, false, NULL, 2, 'sms');


--
-- Data for Name: professeur; Type: TABLE DATA; Schema: public; Owner: admin
--

INSERT INTO public.professeur VALUES (232, 5, 4);
INSERT INTO public.professeur VALUES (233, 26, 1);
INSERT INTO public.professeur VALUES (234, 27, 1);
INSERT INTO public.professeur VALUES (235, 28, 1);
INSERT INTO public.professeur VALUES (236, 29, 1);
INSERT INTO public.professeur VALUES (237, 30, 1);
INSERT INTO public.professeur VALUES (238, 31, 1);
INSERT INTO public.professeur VALUES (239, 32, 1);
INSERT INTO public.professeur VALUES (240, 33, 1);
INSERT INTO public.professeur VALUES (241, 34, 1);
INSERT INTO public.professeur VALUES (242, 35, 1);
INSERT INTO public.professeur VALUES (243, 36, 1);
INSERT INTO public.professeur VALUES (244, 37, 1);
INSERT INTO public.professeur VALUES (245, 38, 1);
INSERT INTO public.professeur VALUES (246, 39, 1);
INSERT INTO public.professeur VALUES (247, 40, 1);
INSERT INTO public.professeur VALUES (248, 41, 1);
INSERT INTO public.professeur VALUES (249, 42, 1);
INSERT INTO public.professeur VALUES (250, 43, 1);
INSERT INTO public.professeur VALUES (251, 44, 1);
INSERT INTO public.professeur VALUES (252, 45, 1);
INSERT INTO public.professeur VALUES (253, 46, 1);
INSERT INTO public.professeur VALUES (254, 47, 1);
INSERT INTO public.professeur VALUES (255, 48, 1);
INSERT INTO public.professeur VALUES (256, 49, 1);
INSERT INTO public.professeur VALUES (257, 50, 1);
INSERT INTO public.professeur VALUES (258, 51, 1);
INSERT INTO public.professeur VALUES (259, 52, 1);
INSERT INTO public.professeur VALUES (260, 53, 1);
INSERT INTO public.professeur VALUES (261, 54, 1);
INSERT INTO public.professeur VALUES (262, 55, 1);
INSERT INTO public.professeur VALUES (263, 56, 1);
INSERT INTO public.professeur VALUES (264, 57, 1);
INSERT INTO public.professeur VALUES (265, 58, 1);
INSERT INTO public.professeur VALUES (266, 59, 2);
INSERT INTO public.professeur VALUES (267, 60, 2);
INSERT INTO public.professeur VALUES (268, 61, 2);
INSERT INTO public.professeur VALUES (269, 62, 2);
INSERT INTO public.professeur VALUES (270, 63, 2);
INSERT INTO public.professeur VALUES (271, 64, 2);
INSERT INTO public.professeur VALUES (272, 65, 2);
INSERT INTO public.professeur VALUES (273, 66, 2);
INSERT INTO public.professeur VALUES (274, 67, 2);
INSERT INTO public.professeur VALUES (275, 68, 2);
INSERT INTO public.professeur VALUES (276, 15, 3);
INSERT INTO public.professeur VALUES (277, 20, 3);
INSERT INTO public.professeur VALUES (278, 14, 3);
INSERT INTO public.professeur VALUES (279, 69, 2);
INSERT INTO public.professeur VALUES (280, 70, 2);
INSERT INTO public.professeur VALUES (281, 71, 2);
INSERT INTO public.professeur VALUES (282, 72, 2);
INSERT INTO public.professeur VALUES (283, 73, 3);
INSERT INTO public.professeur VALUES (284, 74, 3);
INSERT INTO public.professeur VALUES (285, 75, 3);
INSERT INTO public.professeur VALUES (286, 19, 3);
INSERT INTO public.professeur VALUES (287, 77, 3);
INSERT INTO public.professeur VALUES (288, 78, 3);
INSERT INTO public.professeur VALUES (289, 79, 3);
INSERT INTO public.professeur VALUES (290, 23, 3);
INSERT INTO public.professeur VALUES (291, 81, 3);
INSERT INTO public.professeur VALUES (292, 83, 3);
INSERT INTO public.professeur VALUES (293, 84, 3);
INSERT INTO public.professeur VALUES (294, 85, 3);
INSERT INTO public.professeur VALUES (295, 86, 3);
INSERT INTO public.professeur VALUES (296, 87, 3);
INSERT INTO public.professeur VALUES (297, 88, 3);
INSERT INTO public.professeur VALUES (298, 89, 3);
INSERT INTO public.professeur VALUES (299, 90, 3);
INSERT INTO public.professeur VALUES (300, 91, 3);
INSERT INTO public.professeur VALUES (301, 17, 3);
INSERT INTO public.professeur VALUES (302, 93, 3);
INSERT INTO public.professeur VALUES (303, 94, 3);
INSERT INTO public.professeur VALUES (304, 95, 3);
INSERT INTO public.professeur VALUES (305, 96, 3);
INSERT INTO public.professeur VALUES (306, 97, 3);
INSERT INTO public.professeur VALUES (307, 98, 3);
INSERT INTO public.professeur VALUES (308, 99, 3);
INSERT INTO public.professeur VALUES (309, 100, 3);
INSERT INTO public.professeur VALUES (310, 101, 3);
INSERT INTO public.professeur VALUES (311, 102, 3);
INSERT INTO public.professeur VALUES (312, 103, 3);
INSERT INTO public.professeur VALUES (313, 104, 3);
INSERT INTO public.professeur VALUES (314, 105, 3);
INSERT INTO public.professeur VALUES (315, 106, 3);
INSERT INTO public.professeur VALUES (316, 107, 3);
INSERT INTO public.professeur VALUES (317, 108, 3);
INSERT INTO public.professeur VALUES (318, 109, 3);
INSERT INTO public.professeur VALUES (319, 110, 3);
INSERT INTO public.professeur VALUES (320, 111, 3);
INSERT INTO public.professeur VALUES (321, 112, 3);
INSERT INTO public.professeur VALUES (322, 113, 3);
INSERT INTO public.professeur VALUES (323, 114, 3);
INSERT INTO public.professeur VALUES (324, 115, 3);
INSERT INTO public.professeur VALUES (325, 116, 3);
INSERT INTO public.professeur VALUES (326, 117, 3);
INSERT INTO public.professeur VALUES (327, 118, 3);
INSERT INTO public.professeur VALUES (328, 119, 3);
INSERT INTO public.professeur VALUES (329, 12, 3);
INSERT INTO public.professeur VALUES (330, 121, 3);
INSERT INTO public.professeur VALUES (331, 122, 3);
INSERT INTO public.professeur VALUES (332, 123, 3);
INSERT INTO public.professeur VALUES (333, 124, 3);
INSERT INTO public.professeur VALUES (334, 125, 3);
INSERT INTO public.professeur VALUES (335, 126, 3);
INSERT INTO public.professeur VALUES (336, 127, 3);
INSERT INTO public.professeur VALUES (337, 128, 3);
INSERT INTO public.professeur VALUES (338, 129, 3);
INSERT INTO public.professeur VALUES (339, 130, 3);
INSERT INTO public.professeur VALUES (340, 131, 3);
INSERT INTO public.professeur VALUES (341, 132, 3);
INSERT INTO public.professeur VALUES (342, 16, 3);
INSERT INTO public.professeur VALUES (343, 21, 3);
INSERT INTO public.professeur VALUES (344, 2, 3);
INSERT INTO public.professeur VALUES (345, 137, 3);
INSERT INTO public.professeur VALUES (346, 138, 3);
INSERT INTO public.professeur VALUES (347, 139, 3);
INSERT INTO public.professeur VALUES (348, 140, 3);
INSERT INTO public.professeur VALUES (349, 141, 3);
INSERT INTO public.professeur VALUES (350, 142, 3);
INSERT INTO public.professeur VALUES (351, 143, 3);
INSERT INTO public.professeur VALUES (352, 144, 3);
INSERT INTO public.professeur VALUES (353, 145, 3);
INSERT INTO public.professeur VALUES (354, 146, 3);
INSERT INTO public.professeur VALUES (355, 147, 3);
INSERT INTO public.professeur VALUES (356, 148, 3);
INSERT INTO public.professeur VALUES (357, 149, 3);
INSERT INTO public.professeur VALUES (358, 24, 3);
INSERT INTO public.professeur VALUES (359, 151, 3);
INSERT INTO public.professeur VALUES (360, 152, 3);
INSERT INTO public.professeur VALUES (361, 153, 3);
INSERT INTO public.professeur VALUES (362, 154, 3);
INSERT INTO public.professeur VALUES (363, 155, 3);
INSERT INTO public.professeur VALUES (364, 156, 3);
INSERT INTO public.professeur VALUES (365, 13, 3);
INSERT INTO public.professeur VALUES (366, 158, 3);
INSERT INTO public.professeur VALUES (367, 159, 3);
INSERT INTO public.professeur VALUES (368, 160, 3);
INSERT INTO public.professeur VALUES (369, 18, 3);
INSERT INTO public.professeur VALUES (370, 162, 3);
INSERT INTO public.professeur VALUES (371, 163, 3);
INSERT INTO public.professeur VALUES (372, 164, 3);
INSERT INTO public.professeur VALUES (373, 165, 3);
INSERT INTO public.professeur VALUES (374, 166, 3);
INSERT INTO public.professeur VALUES (375, 167, 3);
INSERT INTO public.professeur VALUES (376, 168, 3);
INSERT INTO public.professeur VALUES (377, 169, 3);
INSERT INTO public.professeur VALUES (378, 170, 3);
INSERT INTO public.professeur VALUES (379, 171, 3);
INSERT INTO public.professeur VALUES (380, 172, 3);
INSERT INTO public.professeur VALUES (381, 173, 3);
INSERT INTO public.professeur VALUES (382, 174, 3);
INSERT INTO public.professeur VALUES (383, 22, 3);
INSERT INTO public.professeur VALUES (384, 176, 3);
INSERT INTO public.professeur VALUES (385, 177, 3);
INSERT INTO public.professeur VALUES (386, 178, 3);
INSERT INTO public.professeur VALUES (387, 179, 3);
INSERT INTO public.professeur VALUES (388, 180, 3);
INSERT INTO public.professeur VALUES (389, 181, 3);
INSERT INTO public.professeur VALUES (390, 182, 3);
INSERT INTO public.professeur VALUES (391, 183, 3);
INSERT INTO public.professeur VALUES (392, 184, 3);
INSERT INTO public.professeur VALUES (393, 185, 3);
INSERT INTO public.professeur VALUES (394, 186, 3);
INSERT INTO public.professeur VALUES (395, 187, 3);
INSERT INTO public.professeur VALUES (396, 1, 3);
INSERT INTO public.professeur VALUES (397, 189, 3);
INSERT INTO public.professeur VALUES (398, 190, 3);
INSERT INTO public.professeur VALUES (399, 191, 3);
INSERT INTO public.professeur VALUES (400, 193, 3);
INSERT INTO public.professeur VALUES (401, 194, 3);
INSERT INTO public.professeur VALUES (402, 195, 3);
INSERT INTO public.professeur VALUES (403, 196, 3);
INSERT INTO public.professeur VALUES (404, 197, 3);
INSERT INTO public.professeur VALUES (405, 198, 3);
INSERT INTO public.professeur VALUES (406, 199, 3);
INSERT INTO public.professeur VALUES (407, 200, 3);
INSERT INTO public.professeur VALUES (408, 201, 4);
INSERT INTO public.professeur VALUES (409, 202, 4);
INSERT INTO public.professeur VALUES (410, 203, 4);
INSERT INTO public.professeur VALUES (411, 204, 4);
INSERT INTO public.professeur VALUES (412, 205, 4);
INSERT INTO public.professeur VALUES (413, 206, 4);
INSERT INTO public.professeur VALUES (414, 207, 4);
INSERT INTO public.professeur VALUES (415, 208, 4);
INSERT INTO public.professeur VALUES (416, 209, 4);
INSERT INTO public.professeur VALUES (417, 210, 4);
INSERT INTO public.professeur VALUES (418, 211, 4);
INSERT INTO public.professeur VALUES (419, 212, 4);
INSERT INTO public.professeur VALUES (420, 213, 4);
INSERT INTO public.professeur VALUES (421, 214, 4);
INSERT INTO public.professeur VALUES (422, 215, 4);
INSERT INTO public.professeur VALUES (423, 216, 4);
INSERT INTO public.professeur VALUES (424, 217, 4);
INSERT INTO public.professeur VALUES (425, 218, 4);
INSERT INTO public.professeur VALUES (426, 219, 4);
INSERT INTO public.professeur VALUES (427, 220, 4);
INSERT INTO public.professeur VALUES (428, 221, 4);
INSERT INTO public.professeur VALUES (429, 222, 4);
INSERT INTO public.professeur VALUES (430, 223, 4);
INSERT INTO public.professeur VALUES (431, 3, 4);
INSERT INTO public.professeur VALUES (432, 225, 4);
INSERT INTO public.professeur VALUES (433, 11, 4);
INSERT INTO public.professeur VALUES (434, 227, 4);
INSERT INTO public.professeur VALUES (435, 228, 4);
INSERT INTO public.professeur VALUES (436, 229, 4);
INSERT INTO public.professeur VALUES (437, 230, 4);
INSERT INTO public.professeur VALUES (438, 231, 4);
INSERT INTO public.professeur VALUES (439, 232, 4);
INSERT INTO public.professeur VALUES (440, 233, 4);
INSERT INTO public.professeur VALUES (441, 234, 4);
INSERT INTO public.professeur VALUES (442, 235, 4);
INSERT INTO public.professeur VALUES (443, 236, 4);
INSERT INTO public.professeur VALUES (444, 237, 4);
INSERT INTO public.professeur VALUES (445, 238, 4);
INSERT INTO public.professeur VALUES (446, 239, 4);
INSERT INTO public.professeur VALUES (447, 240, 4);
INSERT INTO public.professeur VALUES (448, 241, 4);
INSERT INTO public.professeur VALUES (449, 242, 4);
INSERT INTO public.professeur VALUES (450, 243, 4);
INSERT INTO public.professeur VALUES (451, 244, 4);
INSERT INTO public.professeur VALUES (452, 245, 4);
INSERT INTO public.professeur VALUES (453, 246, 4);
INSERT INTO public.professeur VALUES (454, 247, 4);


--
-- Data for Name: respo_labo; Type: TABLE DATA; Schema: public; Owner: admin
--

INSERT INTO public.respo_labo VALUES (1, 198, '2025-09-08 17:26:20', NULL, 1);
INSERT INTO public.respo_labo VALUES (2, 61, '2025-09-08 17:26:34', NULL, 2);
INSERT INTO public.respo_labo VALUES (3, 169, '2025-09-08 17:51:16', NULL, 3);
INSERT INTO public.respo_labo VALUES (4, 410, '2025-09-08 17:51:16', NULL, 30);
INSERT INTO public.respo_labo VALUES (5, 50, '2025-09-08 17:51:16', NULL, 34);
INSERT INTO public.respo_labo VALUES (6, 18, '2025-09-08 17:51:16', NULL, 38);
INSERT INTO public.respo_labo VALUES (7, 384, '2025-09-08 17:51:16', NULL, 4);
INSERT INTO public.respo_labo VALUES (8, 13, '2025-09-08 17:51:16', NULL, 5);
INSERT INTO public.respo_labo VALUES (9, 386, '2025-09-08 17:51:16', NULL, 6);
INSERT INTO public.respo_labo VALUES (10, 387, '2025-09-08 17:51:16', NULL, 7);
INSERT INTO public.respo_labo VALUES (11, 64, '2025-09-08 17:51:16', NULL, 8);
INSERT INTO public.respo_labo VALUES (12, 12, '2025-09-08 17:51:16', NULL, 9);
INSERT INTO public.respo_labo VALUES (13, 162, '2025-09-08 17:51:16', NULL, 10);
INSERT INTO public.respo_labo VALUES (14, 391, '2025-09-08 17:51:16', NULL, 11);
INSERT INTO public.respo_labo VALUES (15, 392, '2025-09-08 17:51:16', NULL, 12);
INSERT INTO public.respo_labo VALUES (16, 70, '2025-09-08 17:51:16', NULL, 13);
INSERT INTO public.respo_labo VALUES (17, 104, '2025-09-08 17:51:16', NULL, 15);
INSERT INTO public.respo_labo VALUES (18, 396, '2025-09-08 17:51:16', NULL, 16);
INSERT INTO public.respo_labo VALUES (19, 230, '2025-09-08 17:51:16', NULL, 17);
INSERT INTO public.respo_labo VALUES (20, 398, '2025-09-08 17:51:16', NULL, 18);
INSERT INTO public.respo_labo VALUES (21, 399, '2025-09-08 17:51:16', NULL, 19);
INSERT INTO public.respo_labo VALUES (22, 400, '2025-09-08 17:51:16', NULL, 21);
INSERT INTO public.respo_labo VALUES (23, 402, '2025-09-08 17:51:16', NULL, 22);
INSERT INTO public.respo_labo VALUES (24, 403, '2025-09-08 17:51:16', NULL, 23);
INSERT INTO public.respo_labo VALUES (25, 16, '2025-09-08 17:51:16', NULL, 24);
INSERT INTO public.respo_labo VALUES (26, 405, '2025-09-08 17:51:16', NULL, 25);
INSERT INTO public.respo_labo VALUES (27, 1, '2025-09-08 17:51:16', NULL, 26);
INSERT INTO public.respo_labo VALUES (28, 408, '2025-09-08 17:51:16', NULL, 28);
INSERT INTO public.respo_labo VALUES (29, 407, '2025-09-08 17:51:16', NULL, 39);
INSERT INTO public.respo_labo VALUES (30, 85, '2025-09-08 17:51:16', NULL, 29);
INSERT INTO public.respo_labo VALUES (31, 411, '2025-09-08 17:51:16', NULL, 31);
INSERT INTO public.respo_labo VALUES (32, 412, '2025-09-08 17:51:16', NULL, 32);
INSERT INTO public.respo_labo VALUES (33, 413, '2025-09-08 17:51:16', NULL, 33);
INSERT INTO public.respo_labo VALUES (34, 415, '2025-09-08 17:51:16', NULL, 35);
INSERT INTO public.respo_labo VALUES (35, 416, '2025-09-08 17:51:16', NULL, 36);
INSERT INTO public.respo_labo VALUES (36, 417, '2025-09-08 17:51:16', NULL, 37);
INSERT INTO public.respo_labo VALUES (37, 104, '2025-09-08 17:55:50', NULL, 14);
INSERT INTO public.respo_labo VALUES (38, 400, '2025-09-08 17:56:56', NULL, 20);
INSERT INTO public.respo_labo VALUES (39, 407, '2025-09-08 18:00:21', NULL, 27);


--
-- Data for Name: role; Type: TABLE DATA; Schema: public; Owner: admin
--



--
-- Data for Name: role_utilisateur; Type: TABLE DATA; Schema: public; Owner: admin
--



--
-- Data for Name: serie; Type: TABLE DATA; Schema: public; Owner: admin
--

INSERT INTO public.serie VALUES (4, 'S', false);
INSERT INTO public.serie VALUES (5, 'D', false);
INSERT INTO public.serie VALUES (6, 'A1', false);
INSERT INTO public.serie VALUES (7, 'A2', false);
INSERT INTO public.serie VALUES (8, 'OSE', false);
INSERT INTO public.serie VALUES (9, 'L', false);
INSERT INTO public.serie VALUES (1, 'C', false);
INSERT INTO public.serie VALUES (2, 'TMEL', true);
INSERT INTO public.serie VALUES (3, 'CG', true);
INSERT INTO public.serie VALUES (10, 'PCBTP', true);
INSERT INTO public.serie VALUES (11, 'EN', true);
INSERT INTO public.serie VALUES (12, 'TMA', true);
INSERT INTO public.serie VALUES (13, 'CCBTP', true);
INSERT INTO public.serie VALUES (14, 'ACTC', true);
INSERT INTO public.serie VALUES (15, 'SEQ', true);
INSERT INTO public.serie VALUES (16, 'TPFM', true);
INSERT INTO public.serie VALUES (17, 'TGI', true);
INSERT INTO public.serie VALUES (18, 'TTER', true);
INSERT INTO public.serie VALUES (19, 'TEV', true);
INSERT INTO public.serie VALUES (20, 'TFFI', true);
INSERT INTO public.serie VALUES (21, 'MOD', true);
INSERT INTO public.serie VALUES (22, 'TAG', true);
INSERT INTO public.serie VALUES (23, 'TOM', true);
INSERT INTO public.serie VALUES (24, 'TMF', true);
INSERT INTO public.serie VALUES (25, 'TAMB', true);
INSERT INTO public.serie VALUES (26, 'CPA', true);
INSERT INTO public.serie VALUES (27, 'SS', true);
INSERT INTO public.serie VALUES (28, 'MDT', true);
INSERT INTO public.serie VALUES (29, 'TGC', true);
INSERT INTO public.serie VALUES (30, 'MEMA', true);
INSERT INTO public.serie VALUES (31, 'TCNB', true);


--
-- Data for Name: sms; Type: TABLE DATA; Schema: public; Owner: admin
--

INSERT INTO public.sms VALUES (1, 'toto@gmail.com', 'server', 'toto@gmail.com*123456*BNI 67 HA*1*5600140#', '2025-10-09');
INSERT INTO public.sms VALUES (2, 'toto@gmail.com', 'server', 'toto@gmail.com*123456*BNI 67 HA*1*5600140#', '2025-10-09');
INSERT INTO public.sms VALUES (3, '+261385308750', 'server', 'rakoto@gmail.com*Abdnkke2025*BNI Madagascar*2*8200135#', '2025-10-09');


--
-- Data for Name: specialite; Type: TABLE DATA; Schema: public; Owner: admin
--

INSERT INTO public.specialite VALUES (1, 'Grandes déviations algebres appliquée');
INSERT INTO public.specialite VALUES (2, 'Mécanique');
INSERT INTO public.specialite VALUES (3, 'Combinatoire et optimisation');
INSERT INTO public.specialite VALUES (4, 'Calcul numérique');
INSERT INTO public.specialite VALUES (5, 'Algebre, géometrie, théorie des nombres');
INSERT INTO public.specialite VALUES (6, 'Analyse probabilité');


--
-- Data for Name: titre_professeur; Type: TABLE DATA; Schema: public; Owner: admin
--

INSERT INTO public.titre_professeur VALUES (1, 'Professeur titulaire');
INSERT INTO public.titre_professeur VALUES (3, 'Maitre de conférence');
INSERT INTO public.titre_professeur VALUES (4, 'Assistant');
INSERT INTO public.titre_professeur VALUES (2, 'Professeur');


--
-- Data for Name: utilisateurs; Type: TABLE DATA; Schema: public; Owner: admin
--



--
-- Name: AspNetRoleClaims_Id_seq; Type: SEQUENCE SET; Schema: public; Owner: admin
--

SELECT pg_catalog.setval('public."AspNetRoleClaims_Id_seq"', 1, false);


--
-- Name: AspNetUserClaims_Id_seq; Type: SEQUENCE SET; Schema: public; Owner: admin
--

SELECT pg_catalog.setval('public."AspNetUserClaims_Id_seq"', 1, false);


--
-- Name: actualite_id_seq; Type: SEQUENCE SET; Schema: public; Owner: admin
--

SELECT pg_catalog.setval('public.actualite_id_seq', 1, false);


--
-- Name: actualite_media_id_seq; Type: SEQUENCE SET; Schema: public; Owner: admin
--

SELECT pg_catalog.setval('public.actualite_media_id_seq', 1, false);


--
-- Name: actualite_media_id_seq1; Type: SEQUENCE SET; Schema: public; Owner: admin
--

SELECT pg_catalog.setval('public.actualite_media_id_seq1', 1, false);


--
-- Name: appartenance_id_appartenance_seq; Type: SEQUENCE SET; Schema: public; Owner: admin
--

SELECT pg_catalog.setval('public.appartenance_id_appartenance_seq', 1, false);


--
-- Name: appartenance_id_appartenance_seq1; Type: SEQUENCE SET; Schema: public; Owner: admin
--

SELECT pg_catalog.setval('public.appartenance_id_appartenance_seq1', 1, false);


--
-- Name: bac_id_bac_seq; Type: SEQUENCE SET; Schema: public; Owner: admin
--

SELECT pg_catalog.setval('public.bac_id_bac_seq', 1, false);


--
-- Name: bac_id_bac_seq1; Type: SEQUENCE SET; Schema: public; Owner: admin
--

SELECT pg_catalog.setval('public.bac_id_bac_seq1', 36, true);


--
-- Name: categorie_actualite_id_seq; Type: SEQUENCE SET; Schema: public; Owner: admin
--

SELECT pg_catalog.setval('public.categorie_actualite_id_seq', 1, false);


--
-- Name: categorie_actualite_id_seq1; Type: SEQUENCE SET; Schema: public; Owner: admin
--

SELECT pg_catalog.setval('public.categorie_actualite_id_seq1', 1, false);


--
-- Name: cofac_id_cofac_seq; Type: SEQUENCE SET; Schema: public; Owner: admin
--

SELECT pg_catalog.setval('public.cofac_id_cofac_seq', 1, false);


--
-- Name: cofac_id_cofac_seq1; Type: SEQUENCE SET; Schema: public; Owner: admin
--

SELECT pg_catalog.setval('public.cofac_id_cofac_seq1', 1, false);


--
-- Name: doyen_et_vice_id_doyen_et_vice_seq; Type: SEQUENCE SET; Schema: public; Owner: admin
--

SELECT pg_catalog.setval('public.doyen_et_vice_id_doyen_et_vice_seq', 1, false);


--
-- Name: ecole_doctorale_id_ecole_doctorale_seq; Type: SEQUENCE SET; Schema: public; Owner: admin
--

SELECT pg_catalog.setval('public.ecole_doctorale_id_ecole_doctorale_seq', 1, false);


--
-- Name: ecole_doctorale_id_ecole_doctorale_seq1; Type: SEQUENCE SET; Schema: public; Owner: admin
--

SELECT pg_catalog.setval('public.ecole_doctorale_id_ecole_doctorale_seq1', 1, false);


--
-- Name: faculte_id_seq; Type: SEQUENCE SET; Schema: public; Owner: admin
--

SELECT pg_catalog.setval('public.faculte_id_seq', 1, false);


--
-- Name: fonction_id_fonction_seq; Type: SEQUENCE SET; Schema: public; Owner: admin
--

SELECT pg_catalog.setval('public.fonction_id_fonction_seq', 1, false);


--
-- Name: fonction_id_fonction_seq1; Type: SEQUENCE SET; Schema: public; Owner: admin
--

SELECT pg_catalog.setval('public.fonction_id_fonction_seq1', 1, false);


--
-- Name: grade_id_grade_seq; Type: SEQUENCE SET; Schema: public; Owner: admin
--

SELECT pg_catalog.setval('public.grade_id_grade_seq', 1, false);


--
-- Name: grade_id_grade_seq1; Type: SEQUENCE SET; Schema: public; Owner: admin
--

SELECT pg_catalog.setval('public.grade_id_grade_seq1', 1, false);


--
-- Name: labo_media_id_labo_media_seq; Type: SEQUENCE SET; Schema: public; Owner: admin
--

SELECT pg_catalog.setval('public.labo_media_id_labo_media_seq', 1, false);


--
-- Name: labo_media_id_labo_media_seq1; Type: SEQUENCE SET; Schema: public; Owner: admin
--

SELECT pg_catalog.setval('public.labo_media_id_labo_media_seq1', 1, false);


--
-- Name: laboratoire_id_labo_seq; Type: SEQUENCE SET; Schema: public; Owner: admin
--

SELECT pg_catalog.setval('public.laboratoire_id_labo_seq', 1, false);


--
-- Name: laboratoire_id_labo_seq1; Type: SEQUENCE SET; Schema: public; Owner: admin
--

SELECT pg_catalog.setval('public.laboratoire_id_labo_seq1', 1, false);


--
-- Name: media_id_media_seq; Type: SEQUENCE SET; Schema: public; Owner: admin
--

SELECT pg_catalog.setval('public.media_id_media_seq', 1, false);


--
-- Name: media_id_media_seq1; Type: SEQUENCE SET; Schema: public; Owner: admin
--

SELECT pg_catalog.setval('public.media_id_media_seq1', 1, false);


--
-- Name: mention_id_mention_seq; Type: SEQUENCE SET; Schema: public; Owner: admin
--

SELECT pg_catalog.setval('public.mention_id_mention_seq', 1, false);


--
-- Name: mention_id_mention_seq1; Type: SEQUENCE SET; Schema: public; Owner: admin
--

SELECT pg_catalog.setval('public.mention_id_mention_seq1', 1, false);


--
-- Name: mention_id_seq; Type: SEQUENCE SET; Schema: public; Owner: admin
--

SELECT pg_catalog.setval('public.mention_id_seq', 1, false);


--
-- Name: mention_niveau_parcours_id_mnp_seq; Type: SEQUENCE SET; Schema: public; Owner: admin
--

SELECT pg_catalog.setval('public.mention_niveau_parcours_id_mnp_seq', 1, false);


--
-- Name: mention_niveau_parcours_id_mnp_seq1; Type: SEQUENCE SET; Schema: public; Owner: admin
--

SELECT pg_catalog.setval('public.mention_niveau_parcours_id_mnp_seq1', 1, false);


--
-- Name: mention_responsable_id_respo_mention_seq; Type: SEQUENCE SET; Schema: public; Owner: admin
--

SELECT pg_catalog.setval('public.mention_responsable_id_respo_mention_seq', 1, false);


--
-- Name: mention_responsable_id_respo_mention_seq1; Type: SEQUENCE SET; Schema: public; Owner: admin
--

SELECT pg_catalog.setval('public.mention_responsable_id_respo_mention_seq1', 1, false);


--
-- Name: niveau_id_niveau_seq; Type: SEQUENCE SET; Schema: public; Owner: admin
--

SELECT pg_catalog.setval('public.niveau_id_niveau_seq', 1, false);


--
-- Name: niveau_id_niveau_seq1; Type: SEQUENCE SET; Schema: public; Owner: admin
--

SELECT pg_catalog.setval('public.niveau_id_niveau_seq1', 1, false);


--
-- Name: paiement_id_paiement_seq; Type: SEQUENCE SET; Schema: public; Owner: admin
--

SELECT pg_catalog.setval('public.paiement_id_paiement_seq', 1, false);


--
-- Name: paiement_id_paiement_seq1; Type: SEQUENCE SET; Schema: public; Owner: admin
--

SELECT pg_catalog.setval('public.paiement_id_paiement_seq1', 1, false);


--
-- Name: parcours_id_parcours_seq; Type: SEQUENCE SET; Schema: public; Owner: admin
--

SELECT pg_catalog.setval('public.parcours_id_parcours_seq', 1, false);


--
-- Name: parcours_id_parcours_seq1; Type: SEQUENCE SET; Schema: public; Owner: admin
--

SELECT pg_catalog.setval('public.parcours_id_parcours_seq1', 1, false);


--
-- Name: parcours_id_seq; Type: SEQUENCE SET; Schema: public; Owner: admin
--

SELECT pg_catalog.setval('public.parcours_id_seq', 1, false);


--
-- Name: parcours_professionnalisante_id_parcours_professionnalisant_seq; Type: SEQUENCE SET; Schema: public; Owner: admin
--

SELECT pg_catalog.setval('public.parcours_professionnalisante_id_parcours_professionnalisant_seq', 1, false);


--
-- Name: pat_id_pat_seq; Type: SEQUENCE SET; Schema: public; Owner: admin
--

SELECT pg_catalog.setval('public.pat_id_pat_seq', 1, false);


--
-- Name: pat_id_pat_seq1; Type: SEQUENCE SET; Schema: public; Owner: admin
--

SELECT pg_catalog.setval('public.pat_id_pat_seq1', 1, false);


--
-- Name: personne_id_personne_seq; Type: SEQUENCE SET; Schema: public; Owner: admin
--

SELECT pg_catalog.setval('public.personne_id_personne_seq', 1, false);


--
-- Name: personne_id_personne_seq1; Type: SEQUENCE SET; Schema: public; Owner: admin
--

SELECT pg_catalog.setval('public.personne_id_personne_seq1', 1, false);


--
-- Name: portail_id_portail_seq; Type: SEQUENCE SET; Schema: public; Owner: admin
--

SELECT pg_catalog.setval('public.portail_id_portail_seq', 45, true);


--
-- Name: portail_serie_id_portserie_seq; Type: SEQUENCE SET; Schema: public; Owner: admin
--

SELECT pg_catalog.setval('public.portail_serie_id_portserie_seq', 60, true);


--
-- Name: poste_affectation_id_post_affectation_seq; Type: SEQUENCE SET; Schema: public; Owner: admin
--

SELECT pg_catalog.setval('public.poste_affectation_id_post_affectation_seq', 1, false);


--
-- Name: poste_affectation_id_post_affectation_seq1; Type: SEQUENCE SET; Schema: public; Owner: admin
--

SELECT pg_catalog.setval('public.poste_affectation_id_post_affectation_seq1', 1, false);


--
-- Name: preinscription_id_preinscription_seq; Type: SEQUENCE SET; Schema: public; Owner: admin
--

SELECT pg_catalog.setval('public.preinscription_id_preinscription_seq', 1, false);


--
-- Name: preinscription_id_preinscription_seq1; Type: SEQUENCE SET; Schema: public; Owner: admin
--

SELECT pg_catalog.setval('public.preinscription_id_preinscription_seq1', 44, true);


--
-- Name: professeur_id_professeur_seq; Type: SEQUENCE SET; Schema: public; Owner: admin
--

SELECT pg_catalog.setval('public.professeur_id_professeur_seq', 1, false);


--
-- Name: professeur_id_professeur_seq1; Type: SEQUENCE SET; Schema: public; Owner: admin
--

SELECT pg_catalog.setval('public.professeur_id_professeur_seq1', 1, false);


--
-- Name: respo_labo_id_respo_labo_seq; Type: SEQUENCE SET; Schema: public; Owner: admin
--

SELECT pg_catalog.setval('public.respo_labo_id_respo_labo_seq', 1, false);


--
-- Name: respo_labo_id_respo_labo_seq1; Type: SEQUENCE SET; Schema: public; Owner: admin
--

SELECT pg_catalog.setval('public.respo_labo_id_respo_labo_seq1', 1, false);


--
-- Name: role_id_role_seq; Type: SEQUENCE SET; Schema: public; Owner: admin
--

SELECT pg_catalog.setval('public.role_id_role_seq', 1, false);


--
-- Name: role_id_role_seq1; Type: SEQUENCE SET; Schema: public; Owner: admin
--

SELECT pg_catalog.setval('public.role_id_role_seq1', 1, false);


--
-- Name: role_utilisateur_id_role_utilisateur_seq; Type: SEQUENCE SET; Schema: public; Owner: admin
--

SELECT pg_catalog.setval('public.role_utilisateur_id_role_utilisateur_seq', 1, false);


--
-- Name: role_utilisateur_id_role_utilisateur_seq1; Type: SEQUENCE SET; Schema: public; Owner: admin
--

SELECT pg_catalog.setval('public.role_utilisateur_id_role_utilisateur_seq1', 1, false);


--
-- Name: serie_id_serie_seq; Type: SEQUENCE SET; Schema: public; Owner: admin
--

SELECT pg_catalog.setval('public.serie_id_serie_seq', 13, true);


--
-- Name: sms_id_sms_seq; Type: SEQUENCE SET; Schema: public; Owner: admin
--

SELECT pg_catalog.setval('public.sms_id_sms_seq', 1, false);


--
-- Name: sms_id_sms_seq1; Type: SEQUENCE SET; Schema: public; Owner: admin
--

SELECT pg_catalog.setval('public.sms_id_sms_seq1', 35, true);


--
-- Name: specialite_id_specialite_seq; Type: SEQUENCE SET; Schema: public; Owner: admin
--

SELECT pg_catalog.setval('public.specialite_id_specialite_seq', 1, false);


--
-- Name: specialite_id_specialite_seq1; Type: SEQUENCE SET; Schema: public; Owner: admin
--

SELECT pg_catalog.setval('public.specialite_id_specialite_seq1', 1, false);


--
-- Name: titre_professeur_id_titre_seq; Type: SEQUENCE SET; Schema: public; Owner: admin
--

SELECT pg_catalog.setval('public.titre_professeur_id_titre_seq', 1, false);


--
-- Name: titre_professeur_id_titre_seq1; Type: SEQUENCE SET; Schema: public; Owner: admin
--

SELECT pg_catalog.setval('public.titre_professeur_id_titre_seq1', 1, false);


--
-- Name: utilisateurs_id_utilisateur_seq; Type: SEQUENCE SET; Schema: public; Owner: admin
--

SELECT pg_catalog.setval('public.utilisateurs_id_utilisateur_seq', 1, false);


--
-- Name: utilisateurs_id_utilisateur_seq1; Type: SEQUENCE SET; Schema: public; Owner: admin
--

SELECT pg_catalog.setval('public.utilisateurs_id_utilisateur_seq1', 1, false);


--
-- Name: AspNetRoleClaims PK_AspNetRoleClaims; Type: CONSTRAINT; Schema: public; Owner: admin
--

ALTER TABLE ONLY public."AspNetRoleClaims"
    ADD CONSTRAINT "PK_AspNetRoleClaims" PRIMARY KEY ("Id");


--
-- Name: AspNetRoles PK_AspNetRoles; Type: CONSTRAINT; Schema: public; Owner: admin
--

ALTER TABLE ONLY public."AspNetRoles"
    ADD CONSTRAINT "PK_AspNetRoles" PRIMARY KEY ("Id");


--
-- Name: AspNetUserClaims PK_AspNetUserClaims; Type: CONSTRAINT; Schema: public; Owner: admin
--

ALTER TABLE ONLY public."AspNetUserClaims"
    ADD CONSTRAINT "PK_AspNetUserClaims" PRIMARY KEY ("Id");


--
-- Name: AspNetUserLogins PK_AspNetUserLogins; Type: CONSTRAINT; Schema: public; Owner: admin
--

ALTER TABLE ONLY public."AspNetUserLogins"
    ADD CONSTRAINT "PK_AspNetUserLogins" PRIMARY KEY ("LoginProvider", "ProviderKey");


--
-- Name: AspNetUserRoles PK_AspNetUserRoles; Type: CONSTRAINT; Schema: public; Owner: admin
--

ALTER TABLE ONLY public."AspNetUserRoles"
    ADD CONSTRAINT "PK_AspNetUserRoles" PRIMARY KEY ("UserId", "RoleId");


--
-- Name: AspNetUserTokens PK_AspNetUserTokens; Type: CONSTRAINT; Schema: public; Owner: admin
--

ALTER TABLE ONLY public."AspNetUserTokens"
    ADD CONSTRAINT "PK_AspNetUserTokens" PRIMARY KEY ("UserId", "LoginProvider", "Name");


--
-- Name: AspNetUsers PK_AspNetUsers; Type: CONSTRAINT; Schema: public; Owner: admin
--

ALTER TABLE ONLY public."AspNetUsers"
    ADD CONSTRAINT "PK_AspNetUsers" PRIMARY KEY ("Id");


--
-- Name: __EFMigrationsHistory PK___EFMigrationsHistory; Type: CONSTRAINT; Schema: public; Owner: admin
--

ALTER TABLE ONLY public."__EFMigrationsHistory"
    ADD CONSTRAINT "PK___EFMigrationsHistory" PRIMARY KEY ("MigrationId");


--
-- Name: actualite_media actualite_media_pkey; Type: CONSTRAINT; Schema: public; Owner: admin
--

ALTER TABLE ONLY public.actualite_media
    ADD CONSTRAINT actualite_media_pkey PRIMARY KEY (id);


--
-- Name: actualite actualite_pkey; Type: CONSTRAINT; Schema: public; Owner: admin
--

ALTER TABLE ONLY public.actualite
    ADD CONSTRAINT actualite_pkey PRIMARY KEY (id_actualite);


--
-- Name: bac bac_pkey; Type: CONSTRAINT; Schema: public; Owner: admin
--

ALTER TABLE ONLY public.bac
    ADD CONSTRAINT bac_pkey PRIMARY KEY (id_bac);


--
-- Name: categorie_actualite categorie_actualite_pkey; Type: CONSTRAINT; Schema: public; Owner: admin
--

ALTER TABLE ONLY public.categorie_actualite
    ADD CONSTRAINT categorie_actualite_pkey PRIMARY KEY (id);


--
-- Name: mention mention_pkey; Type: CONSTRAINT; Schema: public; Owner: admin
--

ALTER TABLE ONLY public.mention
    ADD CONSTRAINT mention_pkey PRIMARY KEY (id_mention);


--
-- Name: paiement paiement_pkey; Type: CONSTRAINT; Schema: public; Owner: admin
--

ALTER TABLE ONLY public.paiement
    ADD CONSTRAINT paiement_pkey PRIMARY KEY (id_paiement);


--
-- Name: parcours parcours_pkey; Type: CONSTRAINT; Schema: public; Owner: admin
--

ALTER TABLE ONLY public.parcours
    ADD CONSTRAINT parcours_pkey PRIMARY KEY (id_parcours);


--
-- Name: appartenance pk_appartenance; Type: CONSTRAINT; Schema: public; Owner: admin
--

ALTER TABLE ONLY public.appartenance
    ADD CONSTRAINT pk_appartenance PRIMARY KEY (id_appartenance);


--
-- Name: cofac pk_cofac; Type: CONSTRAINT; Schema: public; Owner: admin
--

ALTER TABLE ONLY public.cofac
    ADD CONSTRAINT pk_cofac PRIMARY KEY (id_cofac);


--
-- Name: dvcs pk_doyen_et_vice; Type: CONSTRAINT; Schema: public; Owner: admin
--

ALTER TABLE ONLY public.dvcs
    ADD CONSTRAINT pk_doyen_et_vice PRIMARY KEY (id_dvcs);


--
-- Name: ecole_doctorale pk_ecole_doctorale; Type: CONSTRAINT; Schema: public; Owner: admin
--

ALTER TABLE ONLY public.ecole_doctorale
    ADD CONSTRAINT pk_ecole_doctorale PRIMARY KEY (id_ecole_doctorale);


--
-- Name: fonction pk_fonction; Type: CONSTRAINT; Schema: public; Owner: admin
--

ALTER TABLE ONLY public.fonction
    ADD CONSTRAINT pk_fonction PRIMARY KEY (id_fonction);


--
-- Name: grade pk_grade; Type: CONSTRAINT; Schema: public; Owner: admin
--

ALTER TABLE ONLY public.grade
    ADD CONSTRAINT pk_grade PRIMARY KEY (id_grade);


--
-- Name: labo_media pk_labo_media; Type: CONSTRAINT; Schema: public; Owner: admin
--

ALTER TABLE ONLY public.labo_media
    ADD CONSTRAINT pk_labo_media PRIMARY KEY (id_labo_media);


--
-- Name: laboratoire pk_laboratoire; Type: CONSTRAINT; Schema: public; Owner: admin
--

ALTER TABLE ONLY public.laboratoire
    ADD CONSTRAINT pk_laboratoire PRIMARY KEY (id_labo);


--
-- Name: media pk_media; Type: CONSTRAINT; Schema: public; Owner: admin
--

ALTER TABLE ONLY public.media
    ADD CONSTRAINT pk_media PRIMARY KEY (id_media);


--
-- Name: mention_niveau_parcours pk_mention_niveau_parcours; Type: CONSTRAINT; Schema: public; Owner: admin
--

ALTER TABLE ONLY public.mention_niveau_parcours
    ADD CONSTRAINT pk_mention_niveau_parcours PRIMARY KEY (id_mnp);


--
-- Name: mention_responsable pk_mention_responsable; Type: CONSTRAINT; Schema: public; Owner: admin
--

ALTER TABLE ONLY public.mention_responsable
    ADD CONSTRAINT pk_mention_responsable PRIMARY KEY (id_respo_mention);


--
-- Name: niveau pk_niveau; Type: CONSTRAINT; Schema: public; Owner: admin
--

ALTER TABLE ONLY public.niveau
    ADD CONSTRAINT pk_niveau PRIMARY KEY (id_niveau);


--
-- Name: parcours_professionnalisante pk_parcours_professionnalisante; Type: CONSTRAINT; Schema: public; Owner: admin
--

ALTER TABLE ONLY public.parcours_professionnalisante
    ADD CONSTRAINT pk_parcours_professionnalisante PRIMARY KEY (id_parcours_professionnalisante);


--
-- Name: pat pk_pat; Type: CONSTRAINT; Schema: public; Owner: admin
--

ALTER TABLE ONLY public.pat
    ADD CONSTRAINT pk_pat PRIMARY KEY (id_pat);


--
-- Name: personne pk_personne; Type: CONSTRAINT; Schema: public; Owner: admin
--

ALTER TABLE ONLY public.personne
    ADD CONSTRAINT pk_personne PRIMARY KEY (id_personne);


--
-- Name: portail pk_portail; Type: CONSTRAINT; Schema: public; Owner: admin
--

ALTER TABLE ONLY public.portail
    ADD CONSTRAINT pk_portail PRIMARY KEY (id_portail);


--
-- Name: portail_serie pk_portail_serie; Type: CONSTRAINT; Schema: public; Owner: admin
--

ALTER TABLE ONLY public.portail_serie
    ADD CONSTRAINT pk_portail_serie PRIMARY KEY (id_portserie);


--
-- Name: poste_affectation pk_post_affectation; Type: CONSTRAINT; Schema: public; Owner: admin
--

ALTER TABLE ONLY public.poste_affectation
    ADD CONSTRAINT pk_post_affectation PRIMARY KEY (id_post_affectation);


--
-- Name: professeur pk_professeur; Type: CONSTRAINT; Schema: public; Owner: admin
--

ALTER TABLE ONLY public.professeur
    ADD CONSTRAINT pk_professeur PRIMARY KEY (id_professeur);


--
-- Name: respo_labo pk_respo_labo; Type: CONSTRAINT; Schema: public; Owner: admin
--

ALTER TABLE ONLY public.respo_labo
    ADD CONSTRAINT pk_respo_labo PRIMARY KEY (id_respo_labo);


--
-- Name: serie pk_serie; Type: CONSTRAINT; Schema: public; Owner: admin
--

ALTER TABLE ONLY public.serie
    ADD CONSTRAINT pk_serie PRIMARY KEY (id_serie);


--
-- Name: titre_professeur pk_titre_professeur; Type: CONSTRAINT; Schema: public; Owner: admin
--

ALTER TABLE ONLY public.titre_professeur
    ADD CONSTRAINT pk_titre_professeur PRIMARY KEY (id_titre);


--
-- Name: preinscription preinscription_pkey; Type: CONSTRAINT; Schema: public; Owner: admin
--

ALTER TABLE ONLY public.preinscription
    ADD CONSTRAINT preinscription_pkey PRIMARY KEY (id_preinscription);


--
-- Name: role role_pkey; Type: CONSTRAINT; Schema: public; Owner: admin
--

ALTER TABLE ONLY public.role
    ADD CONSTRAINT role_pkey PRIMARY KEY (id_role);


--
-- Name: role_utilisateur role_utilisateur_pkey; Type: CONSTRAINT; Schema: public; Owner: admin
--

ALTER TABLE ONLY public.role_utilisateur
    ADD CONSTRAINT role_utilisateur_pkey PRIMARY KEY (id_role_utilisateur);


--
-- Name: sms sms_pkey; Type: CONSTRAINT; Schema: public; Owner: admin
--

ALTER TABLE ONLY public.sms
    ADD CONSTRAINT sms_pkey PRIMARY KEY (id_sms);


--
-- Name: specialite specialite_pkey; Type: CONSTRAINT; Schema: public; Owner: admin
--

ALTER TABLE ONLY public.specialite
    ADD CONSTRAINT specialite_pkey PRIMARY KEY (id_specialite);


--
-- Name: bac unique_anne_num; Type: CONSTRAINT; Schema: public; Owner: admin
--

ALTER TABLE ONLY public.bac
    ADD CONSTRAINT unique_anne_num UNIQUE (annee_bacc, num_bacc);


--
-- Name: paiement unq_paiement; Type: CONSTRAINT; Schema: public; Owner: admin
--

ALTER TABLE ONLY public.paiement
    ADD CONSTRAINT unq_paiement UNIQUE (reference);


--
-- Name: preinscription unq_ref; Type: CONSTRAINT; Schema: public; Owner: admin
--

ALTER TABLE ONLY public.preinscription
    ADD CONSTRAINT unq_ref UNIQUE (ref_bancaire);


--
-- Name: utilisateurs utilisateurs_pkey; Type: CONSTRAINT; Schema: public; Owner: admin
--

ALTER TABLE ONLY public.utilisateurs
    ADD CONSTRAINT utilisateurs_pkey PRIMARY KEY (id_utilisateur);


--
-- Name: EmailIndex; Type: INDEX; Schema: public; Owner: admin
--

CREATE INDEX "EmailIndex" ON public."AspNetUsers" USING btree ("NormalizedEmail");


--
-- Name: IX_AspNetRoleClaims_RoleId; Type: INDEX; Schema: public; Owner: admin
--

CREATE INDEX "IX_AspNetRoleClaims_RoleId" ON public."AspNetRoleClaims" USING btree ("RoleId");


--
-- Name: IX_AspNetUserClaims_UserId; Type: INDEX; Schema: public; Owner: admin
--

CREATE INDEX "IX_AspNetUserClaims_UserId" ON public."AspNetUserClaims" USING btree ("UserId");


--
-- Name: IX_AspNetUserLogins_UserId; Type: INDEX; Schema: public; Owner: admin
--

CREATE INDEX "IX_AspNetUserLogins_UserId" ON public."AspNetUserLogins" USING btree ("UserId");


--
-- Name: IX_AspNetUserRoles_RoleId; Type: INDEX; Schema: public; Owner: admin
--

CREATE INDEX "IX_AspNetUserRoles_RoleId" ON public."AspNetUserRoles" USING btree ("RoleId");


--
-- Name: RoleNameIndex; Type: INDEX; Schema: public; Owner: admin
--

CREATE UNIQUE INDEX "RoleNameIndex" ON public."AspNetRoles" USING btree ("NormalizedName");


--
-- Name: UserNameIndex; Type: INDEX; Schema: public; Owner: admin
--

CREATE UNIQUE INDEX "UserNameIndex" ON public."AspNetUsers" USING btree ("NormalizedUserName");


--
-- Name: AspNetRoleClaims FK_AspNetRoleClaims_AspNetRoles_RoleId; Type: FK CONSTRAINT; Schema: public; Owner: admin
--

ALTER TABLE ONLY public."AspNetRoleClaims"
    ADD CONSTRAINT "FK_AspNetRoleClaims_AspNetRoles_RoleId" FOREIGN KEY ("RoleId") REFERENCES public."AspNetRoles"("Id") ON DELETE CASCADE;


--
-- Name: AspNetUserClaims FK_AspNetUserClaims_AspNetUsers_UserId; Type: FK CONSTRAINT; Schema: public; Owner: admin
--

ALTER TABLE ONLY public."AspNetUserClaims"
    ADD CONSTRAINT "FK_AspNetUserClaims_AspNetUsers_UserId" FOREIGN KEY ("UserId") REFERENCES public."AspNetUsers"("Id") ON DELETE CASCADE;


--
-- Name: AspNetUserLogins FK_AspNetUserLogins_AspNetUsers_UserId; Type: FK CONSTRAINT; Schema: public; Owner: admin
--

ALTER TABLE ONLY public."AspNetUserLogins"
    ADD CONSTRAINT "FK_AspNetUserLogins_AspNetUsers_UserId" FOREIGN KEY ("UserId") REFERENCES public."AspNetUsers"("Id") ON DELETE CASCADE;


--
-- Name: AspNetUserRoles FK_AspNetUserRoles_AspNetRoles_RoleId; Type: FK CONSTRAINT; Schema: public; Owner: admin
--

ALTER TABLE ONLY public."AspNetUserRoles"
    ADD CONSTRAINT "FK_AspNetUserRoles_AspNetRoles_RoleId" FOREIGN KEY ("RoleId") REFERENCES public."AspNetRoles"("Id") ON DELETE CASCADE;


--
-- Name: AspNetUserRoles FK_AspNetUserRoles_AspNetUsers_UserId; Type: FK CONSTRAINT; Schema: public; Owner: admin
--

ALTER TABLE ONLY public."AspNetUserRoles"
    ADD CONSTRAINT "FK_AspNetUserRoles_AspNetUsers_UserId" FOREIGN KEY ("UserId") REFERENCES public."AspNetUsers"("Id") ON DELETE CASCADE;


--
-- Name: AspNetUserTokens FK_AspNetUserTokens_AspNetUsers_UserId; Type: FK CONSTRAINT; Schema: public; Owner: admin
--

ALTER TABLE ONLY public."AspNetUserTokens"
    ADD CONSTRAINT "FK_AspNetUserTokens_AspNetUsers_UserId" FOREIGN KEY ("UserId") REFERENCES public."AspNetUsers"("Id") ON DELETE CASCADE;


--
-- Name: actualite_media fk_actualite; Type: FK CONSTRAINT; Schema: public; Owner: admin
--

ALTER TABLE ONLY public.actualite_media
    ADD CONSTRAINT fk_actualite FOREIGN KEY (id_actualite) REFERENCES public.actualite(id_actualite) ON DELETE SET NULL;


--
-- Name: actualite fk_categorie; Type: FK CONSTRAINT; Schema: public; Owner: admin
--

ALTER TABLE ONLY public.actualite
    ADD CONSTRAINT fk_categorie FOREIGN KEY (id_categorie) REFERENCES public.categorie_actualite(id) ON DELETE CASCADE;


--
-- Name: cofac fk_cofac_appartenance; Type: FK CONSTRAINT; Schema: public; Owner: admin
--

ALTER TABLE ONLY public.cofac
    ADD CONSTRAINT fk_cofac_appartenance FOREIGN KEY (appartenance_id) REFERENCES public.appartenance(id_appartenance) ON UPDATE SET NULL ON DELETE SET NULL;


--
-- Name: cofac fk_cofac_personne; Type: FK CONSTRAINT; Schema: public; Owner: admin
--

ALTER TABLE ONLY public.cofac
    ADD CONSTRAINT fk_cofac_personne FOREIGN KEY (personne_id) REFERENCES public.personne(id_personne) ON UPDATE SET NULL ON DELETE SET NULL;


--
-- Name: dvcs fk_doyen_et_vice_personne; Type: FK CONSTRAINT; Schema: public; Owner: admin
--

ALTER TABLE ONLY public.dvcs
    ADD CONSTRAINT fk_doyen_et_vice_personne FOREIGN KEY (id_personne) REFERENCES public.personne(id_personne) ON UPDATE SET NULL ON DELETE SET NULL;


--
-- Name: dvcs fk_dvcs_cofac; Type: FK CONSTRAINT; Schema: public; Owner: admin
--

ALTER TABLE ONLY public.dvcs
    ADD CONSTRAINT fk_dvcs_cofac FOREIGN KEY (id_fonction) REFERENCES public.fonction(id_fonction);


--
-- Name: labo_media fk_labo_media_laboratoire; Type: FK CONSTRAINT; Schema: public; Owner: admin
--

ALTER TABLE ONLY public.labo_media
    ADD CONSTRAINT fk_labo_media_laboratoire FOREIGN KEY (labo) REFERENCES public.laboratoire(id_labo) ON UPDATE CASCADE ON DELETE CASCADE;


--
-- Name: labo_media fk_labo_media_media; Type: FK CONSTRAINT; Schema: public; Owner: admin
--

ALTER TABLE ONLY public.labo_media
    ADD CONSTRAINT fk_labo_media_media FOREIGN KEY (media) REFERENCES public.media(id_media) ON UPDATE CASCADE ON DELETE CASCADE;


--
-- Name: laboratoire fk_laboratoire_ecole_doctorale; Type: FK CONSTRAINT; Schema: public; Owner: admin
--

ALTER TABLE ONLY public.laboratoire
    ADD CONSTRAINT fk_laboratoire_ecole_doctorale FOREIGN KEY (ecole_doctorale_rattachement) REFERENCES public.ecole_doctorale(id_ecole_doctorale) ON UPDATE SET NULL ON DELETE SET NULL;


--
-- Name: laboratoire fk_laboratoire_mention; Type: FK CONSTRAINT; Schema: public; Owner: admin
--

ALTER TABLE ONLY public.laboratoire
    ADD CONSTRAINT fk_laboratoire_mention FOREIGN KEY (mention_rattachement) REFERENCES public.mention(id_mention) ON UPDATE CASCADE ON DELETE CASCADE;


--
-- Name: actualite_media fk_media; Type: FK CONSTRAINT; Schema: public; Owner: admin
--

ALTER TABLE ONLY public.actualite_media
    ADD CONSTRAINT fk_media FOREIGN KEY (id_media) REFERENCES public.media(id_media) ON DELETE SET NULL;


--
-- Name: mention_niveau_parcours fk_mention_niveau_parcours; Type: FK CONSTRAINT; Schema: public; Owner: admin
--

ALTER TABLE ONLY public.mention_niveau_parcours
    ADD CONSTRAINT fk_mention_niveau_parcours FOREIGN KEY (id_parcours) REFERENCES public.parcours(id_parcours);


--
-- Name: mention_responsable fk_mention_responsable; Type: FK CONSTRAINT; Schema: public; Owner: admin
--

ALTER TABLE ONLY public.mention_responsable
    ADD CONSTRAINT fk_mention_responsable FOREIGN KEY (id_personne) REFERENCES public.personne(id_personne) ON UPDATE SET NULL ON DELETE SET NULL;


--
-- Name: mention_responsable fk_mention_responsable_mention; Type: FK CONSTRAINT; Schema: public; Owner: admin
--

ALTER TABLE ONLY public.mention_responsable
    ADD CONSTRAINT fk_mention_responsable_mention FOREIGN KEY (id_mention) REFERENCES public.mention(id_mention) ON UPDATE SET NULL ON DELETE SET NULL;


--
-- Name: mention_niveau_parcours fk_mnp_mention; Type: FK CONSTRAINT; Schema: public; Owner: admin
--

ALTER TABLE ONLY public.mention_niveau_parcours
    ADD CONSTRAINT fk_mnp_mention FOREIGN KEY (id_mention) REFERENCES public.mention(id_mention);


--
-- Name: mention_niveau_parcours fk_mnp_niveau; Type: FK CONSTRAINT; Schema: public; Owner: admin
--

ALTER TABLE ONLY public.mention_niveau_parcours
    ADD CONSTRAINT fk_mnp_niveau FOREIGN KEY (id_niveau) REFERENCES public.niveau(id_niveau);


--
-- Name: mention_niveau_parcours fk_mnp_parcours_professionnalisante; Type: FK CONSTRAINT; Schema: public; Owner: admin
--

ALTER TABLE ONLY public.mention_niveau_parcours
    ADD CONSTRAINT fk_mnp_parcours_professionnalisante FOREIGN KEY (id_parcours_professionnalisante) REFERENCES public.parcours_professionnalisante(id_parcours_professionnalisante);


--
-- Name: mention_niveau_parcours fk_mnp_specialite; Type: FK CONSTRAINT; Schema: public; Owner: admin
--

ALTER TABLE ONLY public.mention_niveau_parcours
    ADD CONSTRAINT fk_mnp_specialite FOREIGN KEY (id_specialite) REFERENCES public.specialite(id_specialite);


--
-- Name: pat fk_pat_fonction; Type: FK CONSTRAINT; Schema: public; Owner: admin
--

ALTER TABLE ONLY public.pat
    ADD CONSTRAINT fk_pat_fonction FOREIGN KEY (id_fonction) REFERENCES public.fonction(id_fonction) ON UPDATE SET NULL ON DELETE SET NULL;


--
-- Name: pat fk_pat_grade; Type: FK CONSTRAINT; Schema: public; Owner: admin
--

ALTER TABLE ONLY public.pat
    ADD CONSTRAINT fk_pat_grade FOREIGN KEY (id_grade) REFERENCES public.grade(id_grade) ON UPDATE SET NULL ON DELETE SET NULL;


--
-- Name: pat fk_pat_personne; Type: FK CONSTRAINT; Schema: public; Owner: admin
--

ALTER TABLE ONLY public.pat
    ADD CONSTRAINT fk_pat_personne FOREIGN KEY (id_personne) REFERENCES public.personne(id_personne) ON UPDATE SET NULL ON DELETE SET NULL;


--
-- Name: pat fk_pat_poste_affectation; Type: FK CONSTRAINT; Schema: public; Owner: admin
--

ALTER TABLE ONLY public.pat
    ADD CONSTRAINT fk_pat_poste_affectation FOREIGN KEY (id_post_affectation) REFERENCES public.poste_affectation(id_post_affectation) ON UPDATE SET NULL ON DELETE SET NULL;


--
-- Name: portail_serie fk_portail_serie_null; Type: FK CONSTRAINT; Schema: public; Owner: admin
--

ALTER TABLE ONLY public.portail_serie
    ADD CONSTRAINT fk_portail_serie_null FOREIGN KEY (id_serie) REFERENCES public.serie(id_serie) ON UPDATE SET NULL ON DELETE SET NULL;


--
-- Name: portail_serie fk_portail_serie_portail; Type: FK CONSTRAINT; Schema: public; Owner: admin
--

ALTER TABLE ONLY public.portail_serie
    ADD CONSTRAINT fk_portail_serie_portail FOREIGN KEY (id_portail) REFERENCES public.portail(id_portail) ON UPDATE SET NULL ON DELETE SET NULL;


--
-- Name: preinscription fk_preinscription_null; Type: FK CONSTRAINT; Schema: public; Owner: admin
--

ALTER TABLE ONLY public.preinscription
    ADD CONSTRAINT fk_preinscription_null FOREIGN KEY (id_portail) REFERENCES public.portail(id_portail) ON UPDATE SET NULL ON DELETE SET NULL;


--
-- Name: professeur fk_professeur_personne; Type: FK CONSTRAINT; Schema: public; Owner: admin
--

ALTER TABLE ONLY public.professeur
    ADD CONSTRAINT fk_professeur_personne FOREIGN KEY (personne) REFERENCES public.personne(id_personne) ON UPDATE SET NULL ON DELETE SET NULL;


--
-- Name: professeur fk_professeur_titre_professeur; Type: FK CONSTRAINT; Schema: public; Owner: admin
--

ALTER TABLE ONLY public.professeur
    ADD CONSTRAINT fk_professeur_titre_professeur FOREIGN KEY (titre) REFERENCES public.titre_professeur(id_titre) ON UPDATE SET NULL ON DELETE SET NULL;


--
-- Name: respo_labo fk_respo_labo_laboratoire; Type: FK CONSTRAINT; Schema: public; Owner: admin
--

ALTER TABLE ONLY public.respo_labo
    ADD CONSTRAINT fk_respo_labo_laboratoire FOREIGN KEY (id_labo) REFERENCES public.laboratoire(id_labo) ON UPDATE SET NULL ON DELETE SET NULL;


--
-- Name: respo_labo fk_respo_labo_personne; Type: FK CONSTRAINT; Schema: public; Owner: admin
--

ALTER TABLE ONLY public.respo_labo
    ADD CONSTRAINT fk_respo_labo_personne FOREIGN KEY (responsable) REFERENCES public.personne(id_personne) ON UPDATE SET NULL ON DELETE SET NULL;


--
-- Name: paiement paiement_id_preinscription_fkey; Type: FK CONSTRAINT; Schema: public; Owner: admin
--

ALTER TABLE ONLY public.paiement
    ADD CONSTRAINT paiement_id_preinscription_fkey FOREIGN KEY (id_preinscription) REFERENCES public.preinscription(id_preinscription);


--
-- Name: paiement paiement_id_utilisateur_fkey; Type: FK CONSTRAINT; Schema: public; Owner: admin
--

ALTER TABLE ONLY public.paiement
    ADD CONSTRAINT paiement_id_utilisateur_fkey FOREIGN KEY (id_utilisateur) REFERENCES public.utilisateurs(id_utilisateur);


--
-- Name: preinscription preinscription_admin_validation_fkey; Type: FK CONSTRAINT; Schema: public; Owner: admin
--

ALTER TABLE ONLY public.preinscription
    ADD CONSTRAINT preinscription_admin_validation_fkey FOREIGN KEY (admin_validation) REFERENCES public.utilisateurs(id_utilisateur);


--
-- Name: preinscription preinscription_id_bac_fkey; Type: FK CONSTRAINT; Schema: public; Owner: admin
--

ALTER TABLE ONLY public.preinscription
    ADD CONSTRAINT preinscription_id_bac_fkey FOREIGN KEY (id_bac) REFERENCES public.bac(id_bac);


--
-- Name: role_utilisateur role_utilisateur_id_role_fkey; Type: FK CONSTRAINT; Schema: public; Owner: admin
--

ALTER TABLE ONLY public.role_utilisateur
    ADD CONSTRAINT role_utilisateur_id_role_fkey FOREIGN KEY (id_role) REFERENCES public.role(id_role);


--
-- Name: role_utilisateur role_utilisateur_id_utilisateur_fkey; Type: FK CONSTRAINT; Schema: public; Owner: admin
--

ALTER TABLE ONLY public.role_utilisateur
    ADD CONSTRAINT role_utilisateur_id_utilisateur_fkey FOREIGN KEY (id_utilisateur) REFERENCES public.utilisateurs(id_utilisateur);


--
-- PostgreSQL database dump complete
--

-- \unrestrict FR8OZd0UP0oYuEqVSLHG0qcoul9TuhGlN4GAcITfF4f9BhvFcFe7r431InO5bQd

